Word,Count
79397f68-61ed-4ea8-bcb2-f918d4e6c05b,1
2024-01-06,5
direction,1
green,7
inc,53
1196.95,1
85,17
28002.8,1
32,33
female,341
port,90
erik,2
online,259
4f87d114-f522-4ead-93e3-f336402df6aa,1
2024-04-05,8
right,2
thomas-thompson,1
1010.34,1
64,31
2378.82,1
55,39
east,76
linda,3
credit,278
card,524
6750b7d6-dcc5-48c5-a76a-b6fc9d540fe1,1
2024-02-13,4
summer,1
sanchez-williams,1
400.8,1
95,18
31322.56,1
57,29
male,320
angelicastad,1
7da7de95-f772-4cc2-bce0-b0873f98233e,1
2024-04-17,4
keep,3
greer,1
and,397
sons,54
338.6,1
79,16
31159.75,1
46,25
other,339
kevin,1
cash,217
469044af-0d60-4d87-af66-c6603e844057,1
2024-06-02,3
option,3
brown,10
839.79,1
41,22
11523.36,1
38,34
new,81
lindaborough,2
f7e98db9-cb87-453e-8179-e48ba5443932,1
2024-03-07,4
idea,2
"massey,",2
nicholson,1
young,6
1498.13,1
70,9
9703.89,1
45,31
daryl,2
debit,246
61f1c03f-5527-49bf-88f6-0d8694e72d41,1
2024-07-13,8
southern,1
coleman-pena,1
975.77,1
63,34
8300.22,1
23,33
kathrynborough,1
55d74ccb-e3c0-4ceb-a102-6d553736b944,1
2024-03-18,3
top,1
"brock,",1
cruz,2
santiago,3
530.7,1
4515.8,1
26,27
kyleborough,1
889bd479-e06a-494d-baae-e099bea5469c,1
2024-04-12,1
anything,2
"griffin,",1
boyle,1
dawson,1
178.52,1
58,35
36150.93,1
20,39
jacquelinestad,1
567c276b-fec4-47e4-b5be-71f2b79bd745,1
2024-04-19,4
wall,4
"arroyo,",1
jones,12
clayton,2
774.79,1
92,7
24228.27,1
33,30
south,75
jessicachester,1
f7d25e75-e7e6-4b61-8879-63121787a1dd,1
happen,2
"carlson,",2
mcdonald,3
hatfield,1
806.59,1
22,28
2327.26,1
allisonview,1
c28cafd9-08a6-4a72-8a89-b05d82993315,1
2024-02-18,7
very,3
mckenzie,1
llc,53
317.64,1
21,33
100809.36,1
62,34
samanthafurt,1
1a9dfe22-c8d8-4872-8cb3-1e7d37c492a9,1
2024-01-27,11
nothing,2
cross,3
1460.22,1
49,39
14547.5,1
37,30
west,89
amy,3
740bd70e-8837-4f7f-8621-45d98a0788ea,1
2024-02-16,5
her,3
jackson-garza,1
761.48,1
36463.14,1
43,30
harrishaven,1
72122aaf-4049-4799-9c5e-56fa0bda637a,1
2024-07-02,4
admit,1
neal-francis,1
965.15,1
76,12
112966.65,1
53,28
brandonfort,1
41e73345-7161-4b86-9922-848a9ca80bf9,1
2024-06-05,6
action,1
shaw-farmer,1
1354.69,1
10,8
38613.38,1
griffinland,1
21c8f1ad-417b-46a8-8bec-ccfe5d9b18f9,1
2024-05-01,3
treatment,2
"best,",1
ross,4
smith,23
1025.05,1
97,8
3751.67,1
31,32
joetown,1
f0e76c4a-2a03-4c2d-821c-114e2877fa0d,1
have,1
burton,2
1071.99,1
34368.64,1
56,32
mikehaven,1
a1dae876-8ee4-4d2e-ac91-35d2536426cf,1
2024-06-12,9
role,2
"byrd,",1
thompson,5
rhodes,1
1415.74,1
65,10
28099.3,1
35,28
sharonmouth,1
5a907002-ba75-4125-879a-217705dd56fd,1
2024-04-30,5
themselves,1
taylor-hutchinson,1
307.58,1
11,6
12066.0,1
25,35
hendersonfort,1
01ba7cfd-dc66-4825-9d40-3575f752c1cc,1
2024-01-02,11
wait,1
"graves,",1
turner,5
crawford,2
678.72,1
60,32
86889.63,1
59,32
edward,1
e2b513d1-e3c2-4592-b59e-735b9c1fc2c1,1
2024-05-12,7
class,1
villanueva-ramirez,1
1092.94,1
54,34
2833.22,1
lake,58
corey,1
0e6b5315-5a90-4d0c-a4db-4b05d041c7e6,1
2024-02-27,6
wear,3
miller-price,1
182.24,1
71,11
70443.92,1
52,26
oconnellmouth,1
bba8307d-a14f-4411-a2b1-7691e9102fa7,1
2024-04-07,6
figure,3
hood,1
1431.15,1
26619.18,1
north,65
richardville,1
8dfb7ce2-660c-48db-b717-3590cc89f89a,1
2024-06-30,4
dinner,1
miller-harper,1
1019.82,1
18108.4,1
shafferbury,1
daf241b5-33e3-44fb-addf-8c6038821655,1
receive,3
decker,2
ltd,57
1458.52,1
21524.72,1
27,35
nicholasfurt,1
e59a8eb1-8448-4719-8502-2c97407d0ff9,1
2024-01-08,6
free,1
nelson,7
1333.31,1
49676.78,1
brianstad,1
4a18ec65-d781-4e34-b8e2-f7efb3303e04,1
2024-01-25,5
name,2
mitchell,4
1481.04,1
4,13
6824.14,1
gabriellaburgh,1
b9c9fb79-ae15-4b97-a439-12327ad25869,1
2024-02-02,7
responsibility,1
"burch,",1
wilson,6
yang,1
785.38,1
87,4
71119.0,1
sophiatown,1
6f0c7e6b-bafc-4b7f-aec1-931619bd777c,1
2024-06-28,4
myself,2
"ross,",2
strickland,2
johns,1
421.01,1
51,32
86275.7,1
tammy,2
531d046b-c78e-4775-92ef-f4f69901107b,1
2024-03-22,7
market,2
oliver-oconnell,1
537.32,1
98720.64,1
42,39
tabithafort,1
ec9dcc53-48a9-4453-b551-932a13366e8e,1
2024-07-17,7
step,2
ho-porter,1
192.48,1
95400.2,1
michael,9
ee1a4d2e-f425-4fae-8400-b4c76d7d0175,1
2024-03-26,5
cover,3
fisher-marshall,1
875.91,1
14448.87,1
briantown,2
9f67b954-d752-4010-af62-002229ccef88,1
then,2
"watson,",1
carter,3
woodard,2
546.53,1
90012.0,1
stephensfurt,1
49dca0a1-70c4-4b2a-b8a3-b751f042cc97,1
2024-04-29,6
theory,2
"walters,",1
bennett,4
barrett,1
278.72,1
19,35
39790.85,1
griffithland,1
d8d17b9e-24f3-4611-a4ea-23740ccee03a,1
2024-04-18,4
good,3
"jacobs,",1
shepherd,1
335.83,1
98,7
8665.92,1
leehaven,1
4bf65265-8b98-440f-a66e-efef35df43f9,1
can,2
smith-walters,1
312.97,1
31428.24,1
rebekah,1
98a6dabf-c1a1-4141-98d1-8dfbf4844b24,1
2024-06-04,3
trip,1
walker,2
plc,63
411.89,1
125995.87,1
gina,2
f697038c-e26d-43b8-beae-3824a4242583,1
2024-04-03,3
with,2
"hill,",3
mann,2
martinez,11
1070.05,1
10732.82,1
betty,1
8fdb323b-83af-4344-8d72-b57ec9589874,1
2024-04-01,4
forward,2
brooks,6
704.12,1
120880.32,1
jennifer,6
df2a5e8b-374f-45b7-ae81-4df557858caf,1
2024-02-24,5
someone,3
stewart,2
group,46
257.6,1
43959.7,1
44e48b6e-0499-4f77-b82f-cd9173e8f67a,1
2024-04-10,4
audience,1
harris,6
287.36,1
89,14
73214.04,1
wrightstad,1
c05fa38b-ad5f-4e1f-bf87-b2f7f3ffc7db,1
2024-01-14,5
enjoy,2
"smith,",10
bean,1
gallagher,1
146.89,1
67,13
14989.2,1
jenniferberg,1
a787145d-8945-4c75-869c-128f35e91a17,1
meeting,1
white-hood,1
1426.06,1
93383.22,1
anna,1
59135d6f-d4bb-49ad-b12a-4d393d4ff380,1
2024-03-11,6
too,1
"hammond,",1
fernandez,2
davis,8
293.4,1
68,14
463.58,1
34,35
monicahaven,1
4efa02dd-55bc-44bb-89f0-e0604ca95647,1
2024-07-11,5
others,1
"king,",1
carpenter,5
george,2
228.77,1
48586.56,1
40,30
robert,2
5c8fe5d0-201e-42af-8ff3-4b063e6f2939,1
place,1
"wagner,",2
ashley,3
189.31,1
67765.12,1
jennifertown,1
87a77bc0-8fa3-4742-a85c-8d2a9cbf0c85,1
2024-02-07,4
party,1
lee,7
694.54,1
35207.2,1
reidport,1
af4bba74-aa00-436f-8764-1e1aab997041,1
2024-03-02,2
research,1
sullivan,2
270.46,1
6258.22,1
29,29
foxview,1
18eb14f3-3767-47a1-89c3-321be94156e3,1
2024-04-13,5
any,3
snyder,1
1182.99,1
6,10
22699.44,1
camposland,1
07fa81d5-6de5-480f-a74c-447d1dafd82b,1
2024-05-29,4
century,2
webb-davila,1
1289.42,1
14,8
96058.13,1
brightton,1
258ebf2d-f876-4088-bf03-88d5474c54ab,1
2024-04-09,6
reality,2
martin-gardner,1
433.88,1
66,18
25384.0,1
jesse,2
c3c81cda-10de-404e-96d3-7e0dc906f373,1
2024-02-05,3
never,2
york,1
680.7,1
64526.3,1
fullermouth,1
ce333627-a441-47b9-809c-526b7222bb7c,1
2024-02-12,4
herself,1
lane,3
189.93,1
61,24
99262.8,1
rebeccamouth,1
f44ab7a8-2a18-4aa3-8661-cda9bd19f67d,1
its,2
chaney,1
965.16,1
78,7
32687.94,1
sandra,1
027fc1ac-20db-4e5a-9d12-f258b96d1142,1
2024-03-23,4
low,1
mack,1
1100.78,1
86627.31,1
gregoryburgh,1
a1650f89-14e5-4c61-89ee-1c5bdc39f805,1
process,2
"paul,",2
andersen,1
carr,1
527.45,1
70490.16,1
jasonberg,1
297d71a3-ca70-481c-b163-0d645a3f623f,1
2024-07-07,4
child,2
miller,14
cooper,3
903.7,1
50154.39,1
brittanyfort,1
5dec83cf-16ce-41b2-b06a-be7ccce0710f,1
yet,2
adams,5
1377.31,1
2,12
74497.92,1
pamela,2
39b83ab9-ba07-4744-a3ec-180a86314e4a,1
eat,4
wright-green,1
1357.33,1
21559.2,1
maria,3
9ec1aba1-0fdd-49d7-9fb6-2e3f32693ed4,1
2024-05-06,7
smile,1
"peters,",1
hayes,2
sanchez,11
1036.47,1
44564.36,1
joel,1
797876a4-bc06-44d0-8bac-d5123fb72501,1
2024-03-08,6
character,1
hopkins-mahoney,1
773.02,1
28896.63,1
36,36
heathershire,1
5887426c-37bf-401e-b3fe-2b4fd005eb62,1
2024-03-30,5
necessary,1
dean,2
1292.49,1
15,8
87996.75,1
39,34
brian,2
8762735e-ec2b-4099-9ca1-b8d3fb475c01,1
2024-05-07,7
laugh,1
shah,1
1123.18,1
27109.12,1
priscillahaven,1
a6db8dd1-5a25-4e41-9ee8-5e97b86b8444,1
2024-06-21,5
measure,1
garcia,9
288.55,1
82870.56,1
50,24
jessefort,1
f53cd32e-b7a1-41e1-a810-758275daecca,1
when,2
ramos,5
261.06,1
77,7
23637.81,1
debrafurt,1
fcd6564d-adcc-4bb3-9e29-f84843d865df,1
task,2
gonzalez,4
167.99,1
20304.54,1
48,26
jamesside,1
7e2ce318-5380-452d-81ec-254a41d9ce67,1
2024-03-31,8
while,2
"bonilla,",1
gordon,2
petersen,1
1327.33,1
83233.36,1
hartfort,1
869ca369-5389-41ee-84c0-7cf23f71dc63,1
energy,1
912.97,1
39709.44,1
jesusshire,1
76ef1fee-74f4-44ef-aef1-4594ad7cf361,1
2024-06-14,9
detail,3
bates,2
1467.95,1
40111.36,1
william,4
496dc092-826e-4d95-9ede-2990ccd24530,1
2024-05-16,7
machine,3
388.88,1
12497.49,1
jacobfort,1
ee4e3ab6-7c6f-4119-819d-6ba71e0da773,1
third,2
miller-robinson,1
1266.01,1
6107.76,1
theresaton,1
41d46fa9-746c-4c6c-8da6-93a6417f2355,1
2024-02-01,5
appear,3
ward,4
1371.76,1
1222.0,1
47,26
david,2
4af0e6cd-eaa7-49b8-bce0-3a00560c2f2c,1
hit,1
rice,4
1028.67,1
17203.25,1
blackview,1
5b7f9b73-4ccd-4e8e-85ee-17254aa07835,1
2024-06-08,4
paper,4
mitchell-barrett,1
1477.41,1
947.61,1
charles,2
b5119fd6-e0d7-44ee-8f87-44f91d42de3f,1
2024-05-23,3
law,3
roach-strong,1
1236.37,1
26408.0,1
victorview,1
898a97fa-0c66-4e08-9693-e893a3f1ad58,1
2024-03-01,9
today,1
ortiz-kaiser,1
974.75,1
140738.88,1
margaretfurt,1
54397aec-2cd9-435d-b4a1-4d8bcdb84e63,1
2024-02-19,5
"shah,",1
blackwell,1
1062.8,1
93,9
75330.45,1
nathanchester,1
6c45ed4f-5d05-457d-a22a-2892566e8984,1
2024-04-14,10
bar,2
hoffman,3
118.14,1
16586.68,1
christophertown,1
d16ed785-9e71-4269-9d2a-93cf2c566552,1
2024-06-29,7
explain,3
simpson,3
1422.58,1
105494.46,1
barbara,2
b4de2bb0-6426-4ae0-bc2d-1d6bc309fb38,1
democrat,2
"joseph,",2
santos,2
365.41,1
75,13
60477.25,1
rebeccaland,2
03d675d2-f4c7-4860-b159-f7df7142b87e,1
special,1
weaver,2
1418.24,1
99,10
1877.76,1
ericstad,2
aeed02b7-48d9-4ff1-9fef-b5de0db93513,1
2024-02-23,6
fear,2
hunter,3
1228.78,1
139249.92,1
joannaborough,1
9b4f4a39-8512-411a-8533-2b1d99cf4e64,1
2024-06-24,7
travel,1
"james,",1
1141.24,1
94,10
98242.2,1
28,33
bellview,1
75dd08dd-3a5d-47eb-a0fc-859e0535cd32,1
2024-06-26,2
face,3
anderson,7
1335.67,1
3,12
12829.6,1
justinmouth,1
b759eaed-ab7a-42b8-ac39-73e4ac7781f3,1
major,1
"thompson,",3
chapman,2
479.23,1
1702.95,1
beckfurt,1
233dfd88-f3be-42be-b464-0ed920bc2194,1
floor,2
254.4,1
17,12
21331.45,1
moodyshire,1
691e8f83-2779-414b-b837-f04615dde8b0,1
2024-07-09,8
choice,3
"rowland,",1
monroe,2
owen,1
481.26,1
11783.43,1
hannah,1
8d757a3c-6ffc-4b44-97aa-de01f6bc3b56,1
2024-06-06,3
jordan-williams,1
1409.49,1
81,12
29360.24,1
alberttown,1
6074e662-4645-4773-9118-bdab62d10120,1
2024-04-23,5
over,1
"johnson,",7
rogers,1
daugherty,1
157.23,1
1,7
83551.42,1
allenside,1
58bebb33-c6cf-47e0-9ad7-156735a68caf,1
2024-07-04,5
drug,3
alvarado-carter,1
296.24,1
61793.1,1
tonychester,1
90906e18-e81f-4c58-96d8-a2612e8493cf,1
2024-01-20,4
matter,3
robinson-king,1
1439.55,1
31821.5,1
3a59ca6b-4f80-443f-9925-c6471b119fc5,1
2024-02-10,4
produce,3
"hahn,",1
hamilton,6
johnson,13
1187.15,1
52251.76,1
mooreside,1
80fecc89-f65c-4c3c-ac77-4ae004ffaa25,1
2024-06-20,5
worry,1
bryant-miller,1
273.35,1
26631.99,1
justin,2
1fff1cf1-98ab-4759-8b33-9d77b299df9e,1
bed,1
"bishop,",2
rodriguez,4
bell,5
950.36,1
39469.5,1
staceyfort,1
1e1366c5-2dce-4830-ab58-a950ec3dd16b,1
2024-01-28,4
service,5
"rojas,",1
kelly,3
scott,5
903.82,1
16,9
4056.39,1
daniel,4
069f9a99-d916-4ee4-9f82-d46f0ad207c4,1
2024-02-25,10
fast,1
"williams,",4
king,2
1207.94,1
92079.92,1
madisonview,1
eb38ce0c-47d1-417f-9855-641aa5f4ee6f,1
2024-05-17,4
through,2
black,2
219.93,1
43416.0,1
johnchester,1
e0511291-5e6b-4e9e-bcc8-f4440e672b9c,1
2024-03-20,6
quality,1
matthews,1
862.18,1
33927.08,1
khanmouth,1
afd5f391-c2d3-42cd-9a9a-0d6eca22199f,1
two,1
brennan,2
robinson,3
803.5,1
34120.61,1
susan,3
fd677e01-2fe0-41dc-8125-28ac13e93ea1,1
population,1
jones-wilson,1
949.75,1
72023.6,1
cherylfurt,2
698ba3d2-6344-40bc-b5af-2eb5255aabff,1
room,1
"stewart,",2
gutierrez,5
avila,2
1115.61,1
24492.16,1
fuentesstad,1
f6fce23b-3313-491a-9b9f-6c5b6e3619f9,1
2024-03-24,9
source,1
"turner,",2
vega,1
900.04,1
36582.21,1
thomas,7
21c0adf5-427e-45fc-96db-82287c6522e1,1
2024-07-08,4
perez,3
907.24,1
16560.38,1
randall,1
7a3b5007-625c-444e-85b4-e4f747162966,1
decade,4
herrera,1
352.6,1
68427.18,1
harrismouth,1
270eb8a0-d199-4342-9e33-5c456f79e2cc,1
none,1
"castro,",1
briggs,1
gilmore,1
897.86,1
8619.39,1
30,24
clarkfurt,1
d1e7a1d9-3a9b-4e50-846a-6566572b5079,1
2024-07-14,4
think,1
peterson,5
1007.3,1
105106.96,1
schroederland,1
c326068c-3351-4062-bf05-e67818db5371,1
force,1
harmon,1
757.33,1
96,9
55075.02,1
44,38
brianborough,2
421d315d-d454-485a-9881-e9801611071b,1
wrong,2
wong,1
923.2,1
1273.98,1
bakerside,1
d1545137-dcd3-4766-af7c-4c6c2e941ccc,1
2024-01-01,9
career,2
collins,4
823.68,1
18860.4,1
nicholsville,1
da1a3e79-cbc6-4313-bb83-2a45e1b9ec28,1
practice,2
gilbert,4
1330.5,1
47621.2,1
nicolas,1
656af0a4-6f81-4f21-9371-3558566fa26b,1
simply,2
"hull,",2
terrell,2
buchanan,1
1318.54,1
29248.28,1
watkinshaven,1
2f4f5e71-2ec7-4658-8968-d902d5a8dbf9,1
2024-03-13,5
international,1
mccullough-powell,1
1474.17,1
11301.76,1
maryfort,1
f1501b05-2741-47b9-8fef-3bb5fd227f3c,1
few,1
hawkins,2
992.42,1
35213.1,1
maryview,1
a0ede31b-9fa8-4b83-a66d-a5f23308f97a,1
2024-01-16,4
series,1
burnett,2
1040.94,1
9,9
26492.43,1
danielview,1
35dea481-98a2-48ef-a7c8-4e253b10424d,1
2024-03-21,5
traditional,1
clark,5
626.57,1
28098.4,1
ochoamouth,1
6c0c9ff0-9c9d-4090-8aad-aae53c70a2e6,1
2024-05-20,7
show,2
bernard,1
259.15,1
86868.48,1
danielport,2
2caec01b-6e79-421c-b260-cc638113098a,1
morrison-andersen,1
1034.38,1
48570.64,1
sherribury,1
098cee59-d162-415d-a0e6-74b73a2bfd95,1
require,1
613.96,1
7728.49,1
18,23
hopkinston,1
2f03a125-88dd-47e0-8a0f-995b3dade3b4,1
be,2
fitzpatrick-miller,1
1337.3,1
1282.45,1
nathanview,1
b76f68ce-6896-45cf-96c0-9812490fe828,1
2024-06-01,6
huge,3
morton,1
359.23,1
125460.8,1
teresaton,1
64f4886c-21d2-40be-ba50-fd8db0dcc05b,1
2024-06-03,5
center,1
589.57,1
52554.32,1
colleenstad,1
dd1c5b32-beef-446d-8b02-2478707683c2,1
2024-03-10,8
bank,1
porter-mcgee,1
701.08,1
13,14
8176.35,1
russell,4
474c5755-50a8-4bee-9af3-e8df247d3769,1
2024-05-25,7
large,1
smith-stevens,1
121.62,1
746.47,1
rachelchester,1
5c5b6e7d-4a0c-42b5-b36c-eb914ae09e95,1
surface,1
"williamson,",3
fuller,2
1178.86,1
13516.25,1
john,4
406c1369-ea5c-46ac-aa46-83632e535d16,1
2024-01-10,3
rice-osborne,1
1447.8,1
5,7
54665.04,1
gregorymouth,2
dcf407ec-4623-4a00-8660-235e1036d476,1
2024-05-08,4
which,1
"camacho,",1
fox,2
1423.78,1
3151.26,1
logan,1
8201d6e3-4f18-4911-9b28-c50627fd1640,1
2024-02-11,9
test,2
walker-white,1
1444.64,1
12646.8,1
kenneth,3
71e5519b-ebcd-4ae6-8c37-165aa0b2e39e,1
me,1
824.69,1
32474.4,1
veronicaport,1
149c4028-afae-4eb0-b03e-dd6b4dccce9a,1
field,1
coffey,1
912.6,1
24546.72,1
dbeab94d-354b-4eda-b916-3248ed4a649c,1
2024-06-13,4
material,2
martinez-torres,1
958.86,1
65007.0,1
castrohaven,1
4a38758a-4bdd-4c44-a177-f80ad22feb33,1
2024-07-12,6
light,3
watson-dougherty,1
938.75,1
42781.86,1
ruthborough,1
96d4f89c-5b22-4bc3-a153-b82ab110f4b4,1
2024-06-25,5
candidate,2
"campbell,",1
shelton,2
1412.91,1
56790.45,1
luistown,1
5cdeffc8-f100-47bb-8fc7-fc48a52b3e4a,1
2024-02-04,7
treat,3
"nelson,",2
carroll,1
marsh,2
1091.68,1
8165.82,1
michaelshire,1
b405351a-0218-48d8-ad25-d2da03904ef4,1
cause,2
marshall-olsen,1
988.44,1
726.36,1
elizabeth,2
3662082a-1954-422b-bde5-0e7b833103db,1
different,2
321.11,1
59594.08,1
24,28
thompsonmouth,1
d88b82f3-1f09-48cd-a48b-ddf2484da53a,1
officer,1
galvan,1
384.15,1
13896.84,1
andrealand,1
4013b02c-8b39-407e-9d51-47c250f6113c,1
2024-07-16,5
patton,1
123.55,1
24705.45,1
charlesshire,1
d836af8a-f883-46cd-960a-6a9e043fd374,1
culture,1
foster-white,1
811.97,1
4784.6,1
joseport,1
bc073bb6-6579-4ed5-bdd4-844710b7a28a,1
provide,2
"kline,",1
hall,5
742.68,1
3173.48,1
fisherstad,1
453150f7-9f21-41e8-8b98-34b3ed38094c,1
2024-05-26,5
five,1
"brown,",3
parsons,2
205.46,1
7050.75,1
zacharyside,1
15c89b2f-f185-41e5-b0cd-e8509eaafa88,1
2024-02-28,5
first,2
"cole,",1
mckinney,3
maddox,1
978.13,1
22346.47,1
joshuaside,1
b0ba4ceb-ca74-4200-9e93-c0b698af493e,1
2024-04-28,3
conference,2
townsend,2
735.25,1
83,11
89165.25,1
derek,2
54619eff-3d8d-4e16-b4c4-910619ea1990,1
about,1
goodman,1
richardson,3
385.39,1
16529.13,1
ashlee,1
cb4d7c5f-824b-4bae-8061-1ee9343d7327,1
2024-03-16,7
environmental,1
696.42,1
87906.92,1
teresaport,1
5ba6718c-f634-4c98-979d-289be3f570a4,1
2024-01-07,6
stay,3
baldwin-swanson,1
1194.98,1
14308.5,1
steelechester,1
73f0f916-a8b5-4d09-8026-41bed9ba0e41,1
2024-04-25,8
sell,1
"santiago,",2
464.15,1
24009.0,1
toddside,1
8eb5f50a-b99c-41d8-85b0-cbe79295764c,1
2024-07-10,5
baird-henderson,1
1085.16,1
27642.2,1
keithport,1
27ff81bf-7456-46a4-9a68-c48bced1e81b,1
guy,3
"sanchez,",4
mosley,1
687.38,1
5406.52,1
kristinaport,1
1729d815-4872-4db8-8a06-527cab9b72db,1
realize,1
"goodman,",1
hughes,3
white,10
894.34,1
90,10
37661.8,1
lisaport,1
e2e5814b-e513-4b63-84ba-888d77419b9f,1
front,1
sanders-estrada,1
598.5,1
73,8
41566.36,1
nicoleberg,1
b94a2868-0565-45a2-8c29-e0b1f085ab0a,1
interview,2
odom-green,1
618.99,1
44209.76,1
103e0087-b29c-4839-876a-099b6796b265,1
2024-06-07,6
attack,4
walters,1
104.99,1
16544.32,1
sarah,5
8499624a-1c49-4645-9c65-df13c57c87d9,1
2024-07-01,7
andrews,5
1269.71,1
72588.74,1
powellmouth,1
6c536c36-1663-4c8e-9fd4-3d451ec66fdb,1
2024-05-27,7
reduce,2
wade-hall,1
985.83,1
7,13
109028.0,1
brockport,1
7f36c3a2-ff43-483b-adb8-668e37d16534,1
2024-07-15,4
partner,1
hebert,1
1352.48,1
20333.88,1
crawfordville,1
baefeff0-2f10-4ab3-81fe-50e61276494f,1
director,2
"young,",1
hill,8
morgan,2
158.46,1
7755.77,1
wagnerview,1
195848ec-5731-48ae-b1c8-96e43f15bd47,1
2024-06-23,5
between,1
"holloway,",1
mills,2
270.04,1
1822.29,1
albertville,1
65cc396b-4349-4ee3-83b6-b73333f93133,1
2024-01-17,9
speech,2
velazquez,1
434.65,1
49282.7,1
josephburgh,1
cf405453-5a3d-41bc-89f8-97e601a870c9,1
raise,1
"fleming,",1
624.74,1
52028.28,1
guerratown,1
48e41a6b-8b57-485c-8481-eeecdafe93bd,1
the,2
1278.51,1
54799.2,1
roberta,1
f88c5f0d-95bf-4307-ab62-d82e0d8afc9b,1
2024-05-09,6
sawyer-ramirez,1
613.3,1
16659.62,1
haletown,1
d6382a39-a203-404b-b1e5-d8a695a61dbd,1
baby,2
morris,3
1056.74,1
110028.42,1
brandi,1
7f8e937e-727c-4d29-9a2f-38b0d8f9e0c1,1
2024-07-23,5
outside,2
"garrett,",2
schultz,2
carlson,1
482.47,1
11306.68,1
kimberlyfurt,1
fc911d63-aa11-4767-b991-bfb928335565,1
2024-03-27,3
crime,2
curtis-collier,1
262.64,1
75988.7,1
andrew,3
69fad209-6c1e-4ea7-9da6-46053b761f3a,1
2024-01-31,7
six,2
jackson-carroll,1
1237.37,1
80877.2,1
10991579-2c92-4a8f-b98c-3b7df2ce7fcf,1
2024-05-30,4
811.73,1
91113.25,1
nancyborough,1
74abb176-6ca5-45a2-9e7b-7e91c98aea78,1
2024-05-13,3
image,2
cruz-arias,1
422.33,1
80,10
37244.48,1
jessicatown,1
975126b2-9aa0-471d-98e6-96da12bec7c3,1
2024-01-19,4
begin,2
"mason,",1
flores,1
baker,4
312.37,1
84,12
29250.67,1
meganborough,1
476e0069-fd66-4bb4-b68d-673ac4e3a141,1
catch,1
pitts-valenzuela,1
1370.68,1
37928.58,1
jessica,5
56ad37f3-bb16-4f08-90ba-140b27eebd4a,1
"bates,",2
pearson,2
hardy,1
1245.2,1
59695.92,1
thomasfort,1
5bad4d24-060c-4374-9855-fc134cbb0bef,1
2024-04-15,5
discussion,4
423.8,1
104364.75,1
brianton,1
1f608363-d36d-4402-b4ea-2506fc8ad3fe,1
beyond,2
williams-palmer,1
1141.1,1
15373.26,1
0f7be3d2-9fb3-47e6-9c3d-92aeb383dc0a,1
enter,3
"bennett,",1
foster,4
moreno,2
518.67,1
11151.36,1
michaelstad,1
88a51a73-0064-4e60-b174-bf54b3576ed5,1
2024-07-24,6
standard,2
"cruz,",1
callahan,1
409.35,1
100782.75,1
8ab2b47f-1032-47ac-8be9-c96a5d8f77e5,1
2024-03-15,7
mouth,4
"rogers,",1
holmes,2
809.43,1
8,15
5783.0,1
williamsburgh,1
5a5ebad6-dab7-4388-9961-411136b68e27,1
2024-01-24,4
eight,1
martin-carson,1
1256.1,1
25697.72,1
benjamin,1
6eb173bb-59a5-4e8b-a2bd-c974ef076134,1
couple,1
esparza-baker,1
782.21,1
22860.8,1
rachelberg,1
bc96e2cb-0ca7-4eb6-a698-acb8e6f1577c,1
2024-06-15,2
cost,2
122.76,1
78188.49,1
marissaville,1
6037afa7-ad38-48f9-a89a-8751225d8471,1
2024-04-27,4
"galvan,",1
jenkins,3
peck,2
1345.71,1
36468.77,1
davidmouth,1
5936ab1a-4d81-4a61-9192-070ca7ef66f2,1
delgado,5
1273.26,1
13790.56,1
benjaminview,1
de89421a-9aaa-4405-ac88-1a9cf27e759e,1
2024-02-09,5
hand,2
"franklin,",1
cox,2
lopez,5
1352.3,1
60232.5,1
rhondaland,1
2c093754-c464-4c40-a938-0db029bf05ff,1
despite,3
413.08,1
72,13
18931.5,1
willie,1
bfb6d335-4035-4224-90fc-f75d0dc6109c,1
pm,1
"boyle,",1
collier,3
marquez,3
141.32,1
48936.55,1
mcneilside,1
6dbfd9dd-7b8d-42c5-9976-c003fda4d172,1
williams,9
998.82,1
67369.44,1
ashleybury,1
348fb25e-d4dc-4748-8db3-f1998e931e69,1
2024-02-08,5
answer,1
"harris,",2
stevens,3
1136.87,1
32729.76,1
christensenstad,1
b41b7729-d5b4-447d-a723-5f1113e834f8,1
weight,3
knight,3
251.06,1
82388.89,1
vincentton,1
b7db77db-9899-4f2b-a0bc-61929bd1e046,1
2024-01-09,4
determine,1
robinson-tucker,1
960.48,1
78794.1,1
stephanie,4
ad3d08cb-0802-4319-b0b6-920d513eef3b,1
2024-04-21,3
wife,1
"lopez,",2
rosario,1
959.18,1
22439.35,1
brandytown,1
7d4ca499-dae4-4596-840a-8febe483356a,1
from,1
"colon,",1
phillips,4
watkins,2
1158.35,1
16447.95,1
simonbury,1
eb576501-bb6d-4acf-bd3e-1bf95320738d,1
2024-07-06,5
check,1
682.66,1
74,5
11304.04,1
lorifort,2
b0a25cb1-9098-4721-9c6d-f4da0b93d7d0,1
central,1
281.6,1
21167.52,1
mario,1
93995cc4-4535-40b3-9ba0-f1a2b5f89f0f,1
away,1
long,3
nguyen,2
464.51,1
62075.44,1
cameron,2
93960721-1c17-481f-b046-16832ea0735f,1
2024-03-25,2
ruiz,3
1262.78,1
47381.76,1
blackmouth,1
39f18196-f2ca-4bce-bcea-d59214ef17aa,1
cut,1
"white,",3
kirby,3
806.17,1
6951.3,1
christopher,3
ee81d569-cce5-4651-9b8d-de1990ccc5f7,1
pull,1
448.12,1
6481.51,1
jacobburgh,1
f5598f5d-a410-4953-aa55-f02c4206c890,1
505.85,1
3112.11,1
nicholas,1
49ee7bcb-01a3-4c71-9273-49d4afd465a4,1
son,2
anderson-white,1
1285.81,1
82,7
27464.7,1
williamshire,1
b942b3b3-537a-464d-bf2d-55a27576977c,1
2024-05-14,3
where,2
"wilkerson,",1
suarez,3
ayala,1
1243.41,1
7728.35,1
harperstad,1
1593f027-9cc6-442a-86e5-573651d5baf3,1
possible,2
scott-davis,1
850.08,1
20341.64,1
chadburgh,1
91ff54e8-ca22-443a-a2bd-0a12a40a0c05,1
air,2
moran,2
1039.85,1
123975.88,1
lisa,4
713aefc6-d6e8-4b47-bd27-2cd6f93bb1f8,1
talk,3
beasley-bailey,1
842.01,1
10106.11,1
melissamouth,1
6e17deff-b435-4fd1-afb9-27aff2155c4d,1
success,2
johnson-johnson,1
1368.15,1
135157.83,1
barronborough,1
7ebd3c9c-21a9-48d4-802b-50b2ae3d74e6,1
2024-07-25,4
play,1
cabrera-white,1
1358.1,1
30654.0,1
christina,2
670f78f5-7bc9-4906-aa60-d55946689c30,1
2024-05-19,8
also,2
roy-dalton,1
1150.87,1
82840.96,1
laura,2
67612b0c-18b5-4200-b063-3695a55153b0,1
2024-01-05,6
reveal,1
"burgess,",1
wise,3
132.64,1
95299.12,1
abigailstad,1
806c0da1-0124-4543-b57a-db889254de76,1
2024-03-05,1
firm,3
580.86,1
3486.21,1
georgeside,1
65faa24c-70cb-4f67-8b9f-b2ca4b19d8e6,1
"kelly,",2
esparza,1
carson,1
1276.9,1
5840.64,1
timothyburgh,1
90857412-c0ac-4805-93be-2e68dbfe1cd8,1
that,1
"anderson,",2
huff,1
1119.15,1
88626.24,1
williamsstad,1
ef960d3e-80c7-4eac-b0a6-dfa39b3d06a8,1
window,1
turner-colon,1
213.05,1
6046.22,1
43f15613-86fd-4e47-b9eb-ab3624e4fe22,1
2024-03-04,3
design,1
murphy,3
574.12,1
83887.86,1
kempborough,1
efa7d46c-0a88-49d9-bf20-31a1e0e83d04,1
2024-06-18,2
"sutton,",1
178.98,1
4056.4,1
washingtonfurt,1
0c520dd7-c8b0-49ab-883f-fd48f3cd6603,1
national,1
"lloyd,",1
stone,2
mcguire,1
1064.72,1
98794.42,1
doris,1
99289813-a5e9-4d86-a7bd-a091705d6c59,1
short,4
763.9,1
59466.0,1
leonton,1
d18acfcc-76b3-444c-9fd6-98d7c1832f0c,1
2024-05-18,6
draw,1
1239.52,1
31463.25,1
meyerland,1
b34a019f-6b7d-456c-8c66-cdc3e5fb6fd1,1
2024-07-21,5
"jones,",4
camacho,4
1123.8,1
68359.5,1
victoria,1
16960cd1-2989-4ae0-97e1-47db52d5e944,1
share,1
michael-lara,1
975.91,1
101627.98,1
joelside,1
99ea4ef2-dca1-42ce-9d65-99314b4bc2a2,1
2024-06-10,10
martin,5
627.75,1
19068.8,1
leslie,2
bba99356-b0d9-4337-8659-880f9d219a66,1
2024-01-15,5
kitchen,1
896.28,1
49752.32,1
anitaland,1
d4232358-4360-47ac-9b47-ca5a33649e72,1
180.15,1
67430.7,1
brownhaven,1
2b5b4061-7c12-486a-8c74-5ecf8dcf8dd7,1
future,1
1493.63,1
11973.2,1
matthewborough,2
75925e57-1225-49be-adc3-80d720faffa0,1
modern,2
lindsey-strickland,1
1128.07,1
14147.84,1
ibarrabury,1
eb9b679b-f20f-4c48-b3c8-213215f0c371,1
pretty,1
vargas-perez,1
177.94,1
80244.08,1
crystal,3
5ff0beb0-db46-484e-a043-f81d64667adf,1
leave,4
walker-daniels,1
920.56,1
32203.6,1
parkerhaven,1
c17792ae-d323-4d3a-a640-749d7fe6e5de,1
2024-05-05,4
risk,3
818.84,1
9343.44,1
mariabury,1
96845a93-75b3-4a60-b213-201181842f96,1
2024-04-16,3
skill,4
ford,4
1360.71,1
65262.78,1
snowfurt,1
41639dd8-855f-4c88-95aa-7e805fa6b6ea,1
schultz-baker,1
550.72,1
91,10
19900.5,1
2e531f19-941b-4e8c-83db-16ba3e5eca52,1
2024-06-22,9
"bradley,",2
rios,1
perkins,2
927.54,1
11307.2,1
chaneyberg,1
7278319c-f4ff-4957-8747-de5d8c4fb0b2,1
2024-04-04,4
majority,1
wall-reed,1
114.6,1
5227.36,1
chavezhaven,1
627b0d33-3c34-4dce-b71d-ed9f4501a2a9,1
we,1
harding-thomas,1
959.13,1
37887.73,1
michaeltown,1
6b8a98dc-b9c0-44e3-94da-b6a298984061,1
science,3
schmidt,1
646.09,1
12122.0,1
williammouth,1
aa66e1cd-70ee-4ce1-a3f1-d4282e2b670f,1
learn,1
hall-swanson,1
249.67,1
27016.29,1
6861c654-0b7c-4f89-9800-ba2139474e9a,1
jones-jones,1
826.54,1
2752.54,1
davisland,1
2950ee27-d120-4778-b606-11180541ee88,1
2024-04-22,7
available,1
"perry,",2
vargas,1
1411.76,1
51619.05,1
shannonport,1
ce868ecb-e271-4b6d-ab3a-ce32f22cc95c,1
ready,2
212.78,1
21183.48,1
mckinneyland,1
a9973ffe-e4ec-40ba-912d-f3275a8cd0bf,1
whole,2
"porter,",2
leon,1
reynolds,2
501.45,1
23275.8,1
kyle,1
fa38ff59-072e-41ab-b9b3-946fdb8c02a4,1
lose,2
981.39,1
72410.03,1
lebury,1
0b2038fe-3514-4341-984e-c9fafd24a1a5,1
"mueller,",1
khan,1
429.75,1
2193.45,1
sarahhaven,2
d3007fd2-b6fc-4d81-9b85-8b6d5acedf5f,1
voice,1
miller-lang,1
759.37,1
33360.67,1
smithport,1
5633dd9e-0ad3-455e-8b00-7236c2379e1b,1
security,2
"ware,",1
may,3
1485.6,1
51970.4,1
michaelland,3
56dbc213-6328-4647-ba24-251ee088c5d0,1
often,1
harris-melton,1
867.3,1
13649.94,1
aaronview,1
5f34a754-1177-49b2-b5fb-44eb890040eb,1
2024-02-21,1
only,1
simmons,2
164.03,1
21730.4,1
kingfort,1
2b5d9df6-2ee7-4aee-b38d-d5f498b98d3b,1
effect,2
"cross,",1
myers,2
mueller,1
992.06,1
13230.08,1
faa3e726-8792-4560-8b2f-82d146d28088,1
2024-01-11,6
language,1
tran-johnson,1
942.27,1
44021.01,1
bbfee908-63f4-4369-9dbc-8fb6dd24b688,1
2024-01-12,1
question,2
moran-hunter,1
609.95,1
75107.67,1
johnstonfort,1
3d1ee727-64ff-4d0d-a058-12fe9ea64176,1
2024-04-06,8
fund,2
hickman,1
1458.61,1
8000.85,1
hardyville,1
b39ecb5c-062b-4c87-ae77-e75b20957ba5,1
2024-05-03,3
million,3
"barnes,",1
1171.07,1
72145.19,1
zhangstad,1
a12151bc-c99f-40e4-a530-fefe4e80cc74,1
letter,1
"miller,",3
894.1,1
61631.46,1
morrischester,1
4a6131e4-c804-48ef-9a05-3ba9aa8630e7,1
2024-04-24,3
all,2
juarez,2
154.91,1
37240.06,1
allenhaven,1
8ad0efdf-b3be-4a5f-b2d4-f817a1b9ffd3,1
2024-01-22,7
cultural,3
"merritt,",1
patterson,2
382.59,1
7131.96,1
4c5538ff-2daa-44a9-8e01-ddaadb865227,1
economic,2
1347.33,1
11139.93,1
jodi,1
d3be5eda-fcef-4578-8ded-4d66a517ebae,1
stop,1
franco-sanders,1
454.88,1
86,6
7375.83,1
milesville,1
09172814-b2b6-4732-9043-4821bf95df18,1
heart,2
"calderon,",1
barry,1
roberts,6
1481.19,1
17456.45,1
oliviaville,1
8ae30ce2-3e1a-4225-b227-711200365273,1
cell,1
1164.44,1
3946.14,1
jeremyfort,1
fbb8c484-f4e5-408b-8d25-6ad2e160452b,1
point,2
campbell-gonzalez,1
1409.33,1
4178.4,1
smithfurt,1
70e0ce1a-e29b-4077-b397-a30a04d23eb9,1
"moreno,",1
dodson,1
189.14,1
8071.26,1
angelahaven,1
c1b09936-7b2b-4a6c-840d-de0acccb15c6,1
down,4
"ramirez,",1
duffy,2
beck,2
595.16,1
55089.93,1
heather,2
03a59365-5cac-4764-8e3c-dd0214000e9b,1
2024-01-03,3
election,2
wilkinson-anderson,1
1185.69,1
76989.42,1
anthonymouth,1
958e721e-00d8-4835-8c0b-17d95d479490,1
2024-05-02,6
red,1
hawkins-russell,1
373.46,1
89134.12,1
crystalville,1
6fcb8543-ec61-48a9-a4fa-a19323098acc,1
sanders-baker,1
794.72,1
686.77,1
sharon,1
dea2020b-7b8d-4f9d-93a9-6e789e229434,1
similar,1
wilson-beard,1
1045.12,1
84618.0,1
hortonport,1
6c388ff3-e9ef-4e75-a11c-9d219b54c9f9,1
2024-04-08,4
allow,1
bryant-lewis,1
644.86,1
23593.15,1
72f03d3c-6e0a-4b86-a79a-bd790354d02f,1
2024-05-22,4
probably,2
bishop,3
457.28,1
23687.49,1
nicholasmouth,1
53745a72-1cf1-45ad-a544-8ac93d79a45d,1
people,1
991.09,1
5891.46,1
katelynville,1
5e339b16-4e17-4993-9d05-363aecdd04ca,1
2024-05-15,3
real,1
ramirez,4
campbell,3
1389.02,1
77386.68,1
josephville,2
f390e720-a5e8-4631-8896-73ebe7eba12d,1
give,1
hendrix-murphy,1
1122.88,1
27842.88,1
shaneburgh,1
aa4f7a70-e2eb-4297-80dc-9edb1dce47eb,1
experience,3
chen,1
1224.24,1
2861.1,1
fdf59c83-bd14-459c-a73d-1c17b86a5a94,1
2024-01-13,5
"martin,",3
1317.86,1
8388.09,1
davisbury,1
95c142ba-0be8-4f2e-a059-35d977aa122f,1
space,1
"baker,",1
saunders,1
796.46,1
23200.8,1
andrewborough,1
fa428d4b-c6e6-4892-a985-73db52035660,1
land,1
parker-griffith,1
1148.23,1
34241.36,1
holmesmouth,1
62aef48a-e964-4990-b237-f605bd26a50a,1
wright,2
609.77,1
22882.8,1
webbton,1
e50290db-1725-4255-9fb6-a5e7a4d02d74,1
2024-01-23,6
prevent,3
fuentes,1
1252.52,1
61650.63,1
douglasside,2
26af113d-1a08-4576-9a5e-f73fb4ccf307,1
watch,2
hess-little,1
1036.75,1
9777.44,1
ericmouth,1
53248dbf-0ce8-469f-8b78-2354a51af291,1
2024-02-03,4
democratic,1
russo,1
848.45,1
49001.22,1
vasquezland,1
7c3f94c7-f8cd-496f-96b1-cb88a86a4efc,1
hour,1
marquez-garrett,1
130.8,1
55404.25,1
ianview,1
8401765e-c534-458a-a54d-2c30d6c82dc7,1
you,1
"faulkner,",1
lewis,4
armstrong,1
1083.43,1
47315.84,1
brooksfurt,1
d492f4b6-aa19-4b1c-84f9-393f47e21e6b,1
second,2
flynn,1
323.28,1
43860.6,1
jeremyview,1
b50ec0f2-2015-4e5a-9cb6-d9ef7c786f00,1
member,3
"fernandez,",1
1088.57,1
57562.77,1
13814056-0d13-4b0d-9f3a-4fdbe56970e8,1
each,1
604.9,1
9046.26,1
rachelhaven,1
69b2c3b5-5f54-486b-a760-f7f107cc268b,1
piece,1
soto,1
283.19,1
7037.22,1
kimberlybury,1
be275e6f-2d88-4312-b505-9e45e1122e25,1
2024-02-15,7
those,1
newman-anthony,1
1371.75,1
13789.44,1
rubenton,1
a9eca438-6092-42a7-8dcc-ed156122b875,1
2024-01-30,4
discuss,2
"crawford,",1
spencer,2
patel,1
1100.35,1
13985.76,1
gardnerport,1
ed375851-0745-4782-b208-7e4a575211a2,1
evans-gillespie,1
883.91,1
4085.54,1
jenniferside,1
cbc1fe6c-aa9c-419f-8923-fa7545a09f2d,1
meet,1
jacobson-arnold,1
388.45,1
141411.84,1
amanda,2
11b3a179-1654-4a20-a4d0-a7f4928228ce,1
report,2
smith-williams,1
958.9,1
10445.28,1
april,1
75d025b3-f4e0-4634-af53-2498cae1e486,1
2024-07-18,4
key,1
603.59,1
7232.88,1
wilsonland,1
1001e19b-6c41-44a6-9531-364bec0df41d,1
concern,1
butler,2
299.33,1
12132.64,1
bruceside,1
39a53294-b087-4c9d-9e40-269a858c6f1c,1
2024-06-11,6
feeling,1
patterson-nelson,1
791.97,1
12,7
23809.47,1
ryanbury,1
0b52899f-7eb1-4765-bd8d-09fcb822ea2a,1
christensen-daniel,1
246.8,1
12452.65,1
nataliechester,1
e90823db-15d9-4085-a915-eb670a753520,1
ferguson,1
309.99,1
51159.36,1
stevenville,1
6376cc08-360c-413d-b0c4-c3e7be554e4c,1
organization,4
ritter-wilson,1
723.04,1
37316.7,1
rileymouth,1
c49a44ee-754b-4e61-9c39-fe097e17ee31,1
"wallace,",1
1250.45,1
10665.6,1
donnachester,1
8267761e-d356-4f66-853b-2e88fb7bc293,1
2024-03-12,6
staff,2
jordan-norris,1
883.64,1
108035.82,1
charlesview,1
d940a808-1599-4ca5-ac39-4b7f877e3617,1
2024-04-11,3
whether,1
1047.17,1
7936.5,1
jesus,2
c954212a-ef67-49a5-b571-ab2795434d7e,1
2024-06-27,8
compare,1
1446.33,1
1345.31,1
nancyville,1
f8eb892d-5eee-4b32-8faf-bd99b10988d7,1
sea,1
padilla-hernandez,1
319.74,1
9379.68,1
randallland,1
a6b82704-11df-4078-997b-82a4be469444,1
evidence,1
becker,2
983.28,1
45512.55,1
nancy,1
3dd8bf17-bc97-47a7-b3c1-c5bfcd22ca2e,1
behavior,2
jackson-hodges,1
661.38,1
83295.45,1
jeremyhaven,1
04290823-41d8-41cd-88df-ef9f2646df0d,1
"sanders,",2
snow,1
harrell,1
1195.38,1
25157.0,1
patriciatown,1
3949fd33-ae2e-4099-b7bb-ec0a8d0f5cc6,1
network,1
"wells,",1
bowman,2
1453.57,1
15346.38,1
websterland,1
994fe2b7-b2b1-462d-b210-389e4839312c,1
month,1
may-williams,1
1483.71,1
21633.5,1
bradhaven,1
bca07c20-5f33-4f80-9b7c-e5c8cfea85d4,1
maintain,1
"beck,",1
choi,1
570.97,1
10176.04,1
reneeview,1
a5efebcf-37a6-4ffc-81bc-46cf09be659c,1
warner,2
1210.29,1
16546.88,1
amandaview,1
1dbb7cad-7195-494d-8105-fa1ad6627992,1
although,3
atkinson,1
garza,1
687.46,1
5901.2,1
lopezmouth,1
2bcc91eb-ec74-46c9-9b32-bdd72c2899f0,1
stage,3
graham,3
1030.8,1
18401.6,1
timothyville,1
07602482-1535-4857-b739-94bbfbbb2ef8,1
property,3
torres,2
1285.42,1
16868.06,1
stacyborough,1
fd2b2d90-a36b-4081-b951-c57e73d4210f,1
avoid,1
1148.39,1
4905.84,1
marcus,1
aa4eddb8-b9a3-4f56-89f3-964b0d417867,1
what,3
hodge,2
281.55,1
88,9
12448.36,1
brianmouth,2
d07abe20-338e-41db-834b-58178d558461,1
follow,1
644.01,1
8634.9,1
jasonchester,2
0c877dea-f64a-4f75-8ccf-4dc7b70ba576,1
amount,2
reid-gilbert,1
819.04,1
77838.75,1
lisashire,1
913d0815-6e85-43a3-82e4-dc11ab6c9b51,1
finally,1
perry,2
432.04,1
56299.05,1
kevinchester,1
0998bacb-99c0-4bed-9e3b-c44036db1add,1
a,3
"glenn,",1
griffin,1
1460.33,1
47845.66,1
loganport,1
b68e27df-037f-4298-abd1-ca17754343fa,1
nearly,2
154.06,1
78459.24,1
peter,2
e9dffe4a-a5ed-4eb5-8f46-a40fc3296a41,1
statement,4
coleman-brown,1
1070.26,1
5859.92,1
lindsey,2
13ebb7aa-97d8-473f-8cb1-ed72c9a517c2,1
2024-06-16,2
"garcia,",1
601.41,1
37407.44,1
debraview,1
0f014686-70c9-4d07-b22d-6698ebe300ef,1
environment,2
walton,1
855.95,1
23215.71,1
chavezmouth,1
46e654f0-15f7-4b65-a260-a62d42b93ee5,1
2024-07-20,5
edwards,1
364.45,1
54995.76,1
markland,2
8138e608-1ab5-4a19-b1f2-9636fed509dc,1
"lewis,",1
156.02,1
2215.82,1
johnbury,2
c8e2c134-4cd4-409a-94b3-88ceb92499c9,1
teach,1
terry,1
obrien,1
811.59,1
1243.23,1
erikstad,1
15e2798f-e227-4f4e-b061-b147a35b3f94,1
2024-02-20,4
could,4
green-rogers,1
1118.63,1
45773.52,1
rebeccachester,2
a6189201-53f2-4ff9-840c-f8eaaa812c96,1
2024-04-26,3
already,1
henson,1
764.81,1
11199.36,1
jasonland,1
ca860381-dbbe-46c7-b33f-0940ed47539c,1
2024-04-02,5
half,3
"phillips,",1
maynard,1
898.28,1
49230.39,1
5162e904-aa16-4967-9471-d242b21d3246,1
anyone,1
jackson,4
507.13,1
18721.2,1
rodriguezbury,1
4d845f59-aa2a-4c0e-af74-e33c99bd808d,1
remain,3
webb,2
404.89,1
31240.3,1
mauriceside,1
ca6fc922-7283-4224-9451-925794198526,1
change,1
kim,5
leonard,2
1018.82,1
81367.36,1
tami,1
32efcd0a-9382-4773-997d-d5f484be58a5,1
minute,3
"hamilton,",1
romero,2
1231.35,1
50171.97,1
tiffanyton,1
bc4eec39-1118-42b1-b3fc-4472d9debbd6,1
policy,1
perry-davis,1
165.06,1
51357.0,1
williamsberg,1
1e1240aa-d89c-4368-a537-563f3c6e2910,1
listen,1
"wilson,",3
170.43,1
12406.49,1
525adf1e-5161-4617-8c08-05fb5f44acc5,1
810.9,1
31039.47,1
ryanshire,1
07beae71-143c-49d6-9611-eef5c948596a,1
2024-07-19,4
see,1
1060.85,1
21440.16,1
thomasmouth,1
33d32c98-aca7-4fbb-b543-2ec021f21032,1
doctor,1
mendez,2
1409.14,1
12291.43,1
morganland,1
47dcfd8e-e5aa-4d0b-b4f3-56f97adc9c12,1
four,3
taylor,5
moore,7
123.45,1
91734.93,1
antonioborough,1
04496bf2-c10b-4435-a571-b300c4f5c7ba,1
2024-07-22,5
itself,1
finley,1
377.8,1
7221.0,1
carolview,1
e4b51b1a-b885-4e78-8aa9-77c1d7fba1d2,1
mcguire-sanders,1
883.09,1
42980.88,1
christopherhaven,1
828b43aa-4486-43e7-b706-1dd8aa97e368,1
school,3
"drake,",2
985.02,1
44499.0,1
johnathanshire,1
492e27be-a5dd-4bdd-a3ca-64a0a880494e,1
chandler-palmer,1
1157.78,1
1250.11,1
abigail,1
403097e4-e1de-4ac5-8a96-91db6e298417,1
house,4
williams-smith,1
1074.85,1
98677.6,1
debbieton,1
054b42a7-02d8-42c5-bd34-8faaa0ab2b38,1
result,1
"jackson,",2
barber,1
1316.82,1
69,8
43512.3,1
rachel,2
8387a168-4638-412f-8721-9ceebeba72fe,1
example,4
608.12,1
28498.3,1
lisaville,1
a01cf58f-776a-44aa-9bf0-acb2e791bf54,1
988.39,1
6726.3,1
markburgh,1
19f710fc-8045-441d-b796-c40779f245a7,1
country,3
ayers,1
589.1,1
52519.04,1
hawkinsberg,1
a1c23386-aa43-4d7b-b657-6edfec9c41dd,1
many,5
holland,2
357.98,1
67292.01,1
f1a93cad-3d16-4355-b736-da49537ebcbf,1
discover,1
1297.35,1
1410.6,1
jamesmouth,1
673ba242-77f0-4978-8a16-d8f590cf8be3,1
2024-05-04,3
until,1
hunter-richardson,1
944.16,1
78747.4,1
jamesstad,1
7c3698c3-6a95-43d3-a1ad-3952122e9fd8,1
wallace-james,1
1376.5,1
21012.16,1
desireeborough,1
6973ba4a-ae31-48eb-a39a-60785995aa87,1
including,3
gomez-burns,1
1138.9,1
19171.88,1
ryanville,1
cd29f509-5a93-409e-a3d5-bf45bee8140a,1
lam-gregory,1
130.68,1
13375.05,1
sherry,1
74df89fb-b693-457d-a68e-e017937d9fe0,1
middle,2
"cooper,",3
mcclain,1
cook,2
1276.97,1
119864.64,1
alice,1
55c31dcf-ac9b-4f36-913b-ef4b4499cb04,1
political,2
1158.59,1
91244.02,1
f03a7387-8482-420c-9834-bbfa6b71c99a,1
2024-01-18,6
"thornton,",2
fisher,4
1239.85,1
67192.66,1
6a247345-d175-4039-abe6-b0cd5251c4f8,1
less,1
1167.79,1
55321.56,1
bestmouth,1
c0acdcf6-4491-4036-8ba2-976917f14b7a,1
heavy,4
339.26,1
58377.96,1
briannaview,1
59356bb9-9b3f-481d-ae3c-1fa40d937c0a,1
news,1
1096.95,1
89145.18,1
cherylland,1
9bb46792-867e-42a4-8fa8-e5a9fcd85d68,1
oil,4
mason-ramirez,1
1251.71,1
3803.2,1
michaelchester,1
fc68ca0c-4cbb-457e-a151-b816b35570ee,1
certain,2
vasquez,3
655.7,1
34762.47,1
vaughanville,1
8b44fb5e-c29f-46a6-bb47-8227ef4389b6,1
lot,1
"holmes,",2
805.15,1
15655.6,1
smithton,1
c77bb8a7-d4dc-4e94-b544-ecd31ec0724a,1
2024-03-14,3
pass,2
"curry,",1
richards,1
781.03,1
8111.04,1
james,8
8c57c016-b6cd-45da-99e2-8ec77c66e70c,1
include,1
"decker,",1
1264.82,1
36931.16,1
samuel,3
65aaa96d-775f-40e2-a1ab-61018fba5699,1
human,1
"davies,",1
255.97,1
29994.53,1
oconnorside,1
2f93bcf2-cf72-4978-9688-bf2110921b91,1
pay,2
yu-smith,1
176.36,1
42193.32,1
stephensville,1
1134c78c-d1e1-42a0-bc54-fcc7eb2fcf30,1
"nunez,",2
jefferson,1
glover,1
987.65,1
21580.78,1
jesseside,1
66cb6c15-5841-4162-8898-a1ed0da02475,1
war,2
873.85,1
19372.4,1
kevinville,1
3dfd0adc-16bf-4fe1-bbc7-79ee5541eace,1
2024-02-26,6
it,3
holmes-rivera,1
437.73,1
3537.16,1
lydia,1
02f29211-7630-4e4f-b9a3-0ad96ab8fd9b,1
prepare,2
338.95,1
32472.44,1
andrewport,2
3b05d54f-0bdf-444c-a021-19e842585d6b,1
2024-05-28,2
involve,1
figueroa,4
1184.54,1
23249.54,1
melissa,1
091d95be-3355-4946-a472-462ae54f959a,1
them,1
greene-baxter,1
972.1,1
73044.99,1
jonathonview,1
52ca3f6e-4891-4311-bead-8bf9150c1d58,1
term,1
"jenkins,",2
846.09,2
11133.4,1
kristinafort,1
2d8c5839-74ea-42ab-9ba7-3f96d96efd87,1
christian-velasquez,1
865.64,1
51904.36,1
ambershire,1
73a33eac-425b-4f9a-b864-0ace26cf641e,1
address,2
mccoy-stevenson,1
1154.25,1
30889.35,1
keith,1
b5f47409-3c2c-4e1b-8886-9718c7ffb56a,1
executive,1
"galloway,",1
vazquez,2
494.84,1
16306.56,1
bonnie,1
963677f8-ebd9-4a9c-a90e-a17d3c479fde,1
2024-05-10,1
"long,",1
gallegos,1
348.43,1
15365.12,1
b09fb488-824a-416d-8800-bbd06fd3530e,1
lawson,1
1278.82,1
61818.67,1
thomasview,1
d1373b77-565a-4c23-9afa-9a03739ddf25,1
one,4
sanchez-hernandez,1
381.83,1
24262.43,1
26b17d9b-6e2e-4fcf-ad79-e37c5ff0467d,1
media,1
719.28,1
18261.0,1
jeffrey,2
da4115cc-24fb-4ca6-835c-6eeaf8d03cf2,1
mention,2
"skinner,",1
kelley,1
1486.29,1
39261.45,1
herreraborough,1
97b019b5-ee7f-47bb-a9fe-8a23c0ca4b55,1
2024-05-11,3
woman,1
williamson-clay,1
1378.49,1
10696.96,1
christopherbury,1
41310835-97b8-4182-abf7-d70d5eaa3dd5,1
owner,3
"grant,",2
watson,3
467.93,1
14619.66,1
a69e032c-d28a-4735-a6af-c9f5db2e6b31,1
course,1
"pearson,",1
833.19,1
46234.37,1
annetteport,2
f1c762d3-c3cc-422d-b071-fc9155769b7b,1
2024-02-14,2
particularly,3
wood-wilson,1
1388.36,1
30611.56,1
moorestad,1
d4321274-0ab9-4a54-8e7a-9af36df90d66,1
always,1
"bryant,",1
eaton,1
370.28,1
23015.02,1
dianaburgh,1
12232bda-526c-4053-be4d-816ec2c06ade,1
2024-02-17,5
jennings-leon,1
1307.36,1
43269.12,1
kyliemouth,1
7c028382-45ec-4c92-a3f3-0cfe2c68fa1a,1
2024-05-24,6
take,2
859.92,1
31456.56,1
maldonadoview,1
47ff7ab5-cd5b-416e-b6ca-d50ebd4aa98c,1
blood,3
lamb,1
563.7,1
10533.07,1
sweeneystad,1
67566b07-1259-49f3-b9f7-cdcfff0f3021,1
"oconnor,",1
jacobs,1
1211.87,1
43710.92,1
walkerborough,2
0cc43991-586c-4734-94cc-ff0163883c1f,1
situation,2
stein-bridges,1
1426.72,1
94828.04,1
espinozamouth,1
69daa6e4-ba51-43c3-8223-536683b2c239,1
singleton,1
546.44,1
110721.6,1
87c35bf5-f196-4f64-8d92-763418e1d983,1
2024-03-29,3
627.54,1
95282.4,1
patrickburgh,1
4410f64d-c85f-42d1-9e24-eff6432b3d79,1
high,1
marshall,1
1387.12,1
19020.25,1
allenton,1
cec49393-39df-4d28-8643-beda3dc102e5,1
every,2
"peterson,",2
franklin,2
bender,1
299.51,1
22944.0,1
diazland,1
09b8b969-d48d-413a-9587-bc8e11436149,1
week,2
morales,4
1037.17,1
16283.85,1
diane,1
17e4aa3a-dc83-466b-8d16-53ed262ed6d7,1
operation,2
porter,3
157.21,1
16572.78,1
maytown,1
fe80a264-a2ac-45ae-80ea-c67c6ba9a045,1
garden,1
brennan-vasquez,1
185.13,1
7505.82,1
natashaburgh,1
4da8fa81-5c67-47c7-b3d2-266e78e9afa9,1
improve,1
"pittman,",1
mejia,1
573.99,1
20112.64,1
jenna,1
8ad0e919-f478-4f24-99f0-57853b23a202,1
wallace-prince,1
566.73,1
5598.97,1
steven,1
857e8ec4-6502-4ef5-b95c-c4f249ed055a,1
fly,3
pham,1
921.44,1
59727.13,1
joseph,1
7693996d-41f7-4434-b4b9-26faf2537100,1
"nielsen,",1
rivera,2
1151.12,1
9768.66,1
meganburgh,1
76027fce-477f-4b8c-ac42-f92f46120e88,1
2024-07-03,6
"diaz,",2
ball,1
384.45,1
4897.4,1
mooreville,1
4df7d94d-aa69-4017-b305-27fad4d43d5d,1
skin,1
bush,2
1074.32,1
16380.0,1
robertsonport,1
7d2d67fc-835c-48f1-9edd-8537d9fefc7e,1
put,1
bradford-poole,1
473.48,1
67975.16,1
dennischester,1
875d9ea7-2e3b-460e-9ad1-24afba4d1d9a,1
2024-06-17,1
thousand,1
1449.84,1
48296.02,1
jamie,1
5b88ab1e-fb86-4e1f-8cb2-0a2b2b5175c1,1
tough,1
thomas-alexander,1
1108.08,1
15130.4,1
matthew,1
dc608773-0894-4c92-bf99-3540452ce04f,1
choose,2
adams-sanchez,1
911.36,1
21926.52,1
joshuaport,1
30af2d71-9a68-4991-95af-89cafcf55d09,1
"russell,",1
watts,1
wade,1
1182.85,1
13331.16,1
f26a4e4f-7e9e-481e-a594-fede2d967ec5,1
gonzalez-horn,1
483.26,1
83365.65,1
charleschester,1
715060e8-9a75-4ba6-9ff2-ebd2fc19c56f,1
marriage,2
479.44,1
34638.33,1
rickychester,1
fdc43a9d-8456-4296-865f-a7961111ad90,1
picture,2
wagner-carrillo,1
897.02,1
28765.68,1
stacyville,1
8a020b59-0bf5-4548-8b12-0380b5d1a25f,1
"lee,",4
437.56,1
67249.2,1
kellerhaven,1
0a2ea933-d97c-47c9-8967-ee955688d891,1
education,1
"gonzalez,",2
lowe,1
872.16,1
11057.97,1
bruce,1
17554e04-06b9-4c1b-9e9a-fbf25692f734,1
would,1
"cameron,",1
lara,1
965.18,1
56761.49,1
joshuabury,2
95b1d002-ca82-4cf9-874f-e459284e317c,1
feel,1
hays,1
110.16,1
22848.35,1
chungfort,1
5b971458-ca8d-4320-b8dd-fa1cd0d3f733,1
why,2
martin-morales,1
434.12,1
86497.11,1
buchananstad,1
4f9b0ffa-7eff-4e71-82df-f386d3c6d7cd,1
wilkinson-reyes,1
1217.5,1
67889.27,1
dc39d6b0-7765-4132-8354-404e626b33a8,1
kind,1
buck,2
293.24,1
23180.0,1
danielleside,1
45d2ad88-0e27-477f-9a74-3990ebd65838,1
249.49,1
12647.34,1
donnaborough,1
995793a5-c08a-4096-936c-fd3a44030712,1
mind,1
garrett,2
681.33,1
15851.88,1
jamestown,1
5e89e980-d3c1-47ef-9fd4-c2117f5d3baa,1
approach,1
298.02,1
22501.97,1
melissashire,1
49bed902-f822-4b0f-8ee1-2c23923a1fc4,1
branch,1
219.99,1
28447.2,1
danielshire,1
d24e4773-7a2d-4a74-8f68-abccc3bbe00f,1
bailey-davis,1
733.08,1
62334.0,1
deborahfurt,2
ca18ad10-f78b-4885-abed-548b2298ece2,1
interesting,1
"morales,",1
hansen,2
colon,1
877.61,1
86006.4,1
dorseytown,1
7df13af7-873c-4afb-b644-9f9ecf79410d,1
1426.34,1
60742.36,1
nicoleton,1
be62bbce-ff3d-4faf-a943-1c5163ea0d7f,1
purpose,2
185.44,1
14312.7,1
lesliefort,1
7b0cb646-6dc6-4c1d-85d6-75e2701cb1c9,1
out,1
mayo,1
1168.22,1
12914.8,1
phillipsmouth,1
d0d037e8-fd5d-4d56-b21c-980b3b98caef,1
1003.56,1
15979.32,1
hollytown,1
638750d6-c86d-45b8-b18a-a132e1988791,1
end,1
1474.5,1
66215.85,1
emilyburgh,1
bbf10f68-d604-45be-aabe-e39d85e0ff20,1
develop,2
valencia,1
726.99,1
1097.22,1
amyberg,1
1596f411-95d1-4f54-b075-0a0d87c0d57a,1
hernandez,5
911.58,1
72555.5,1
nelsonside,1
08b85588-5809-4126-9821-dbf5701f4c7a,1
ball-clay,1
1209.12,1
8256.05,1
santiagoland,1
31822680-e4e6-4e08-a8e1-c9d5ae3de134,1
wiggins-wallace,1
537.73,1
2620.83,1
f45013b4-7537-4c29-91fc-9433bba7b7ed,1
pick,1
"edwards,",2
davidson,4
houston,1
120.3,1
100135.56,1
jonathanchester,1
db246cbb-6c5d-405f-90a0-1b46163ed177,1
836.88,1
11545.2,1
stanleyfurt,1
743cfbfa-e734-481e-80e2-c79bed85c018,1
almost,3
187.57,1
37905.14,1
allison,1
44d5295b-e51c-4434-9320-32f3e4a2bd64,1
"cobb,",1
170.33,1
10271.2,1
clarkburgh,1
1154c6ec-e1aa-4533-a2a8-1d8acc0fda56,1
1118.72,1
93600.0,1
michaelberg,1
206b48f0-cbbf-4547-ad60-849249669848,1
cole,2
530.21,1
48768.0,1
desireefort,1
da032253-d5ac-4572-8c81-a4d378b5ff39,1
2024-01-04,4
seat,1
1435.0,1
131512.48,1
erinside,1
af77dbfc-d717-4682-a596-4cad1d7c55cf,1
fine,3
"mcknight,",1
moody,1
mason,3
943.28,1
69770.9,1
0573f325-9457-4657-a7c4-447a19d93f99,1
government,1
morris-davis,1
497.32,1
62123.4,1
sara,1
a5931296-6638-4474-8150-84549ed0fffa,1
"price,",2
519.46,1
18697.84,1
katherineland,1
92a1d414-740c-450f-9532-af4cc548d97d,1
smith-barr,1
767.55,1
128442.12,1
0212c598-4e8f-4eee-83a4-46044afc035d,1
2024-05-21,4
foot,1
wheeler-summers,1
1411.66,1
15171.6,1
kimberly,4
7f1a08ed-7ba5-4eb8-bf54-f02ad812679f,1
fight,1
"washington,",1
burns,3
li,1
636.1,1
414.6,1
joshua,1
3a549b06-f14f-4b50-9c3f-3aa619e632ed,1
world,1
"rodriguez,",1
554.03,1
6268.6,1
joseshire,1
4168d51e-ca86-483e-9591-ff2172756a79,1
walter-lynn,1
1204.69,1
84222.45,1
0dc24452-36a1-41da-9dc7-e4676b6df2c7,1
positive,1
1037.32,1
25132.58,1
shawntown,1
68411452-c7dc-4692-93b2-7d473e876951,1
president,1
mata-burns,1
971.16,1
100943.96,1
nicole,1
02c2544c-36f1-405b-ade0-5b5725b91e35,1
girl,1
"salazar,",1
mcmahon,1
1164.58,1
10010.51,1
kaitlinhaven,1
483f8dc0-9f01-46a4-8ce4-3cff49354c80,1
jones-leonard,1
201.85,1
8320.76,1
williamside,1
ec209b88-ea96-4acb-82c2-74a23e69e271,1
little-perez,1
256.42,1
1198.56,1
leonardfort,1
97eeef8c-56dd-47b9-b9d9-b26ad38c0cc6,1
smith-stokes,1
420.81,1
50439.99,1
ashleytown,1
3f591e8b-fd26-4d8e-9556-2ce32355437e,1
cain,1
443.56,1
109351.08,1
barrettberg,1
0964c272-102f-4bd9-b9e1-4535b8348809,1
sure,1
glenn-fernandez,1
166.05,1
45433.44,1
schneiderchester,1
09f74743-03f6-412d-99e7-b7c8c8f2ce69,1
financial,2
874.01,1
23617.16,1
abefc58d-71bd-4773-97c9-327c91d8c95f,1
"potter,",1
bailey,4
1137.26,1
22211.4,1
977263fa-3ed6-4d8b-93de-0265a75e9bc6,1
cooley-reed,1
901.21,1
12305.92,1
jameston,1
8d5dc29d-6bf1-4c18-9156-9f8cde7f4f39,1
269.43,1
92400.11,1
nealmouth,1
b611c79c-47a1-48af-8e12-3fe21f1ed9fc,1
seven,3
brown-solis,1
1158.16,1
4371.12,1
elizabethside,1
addad3bd-167b-419c-9cfe-9af6ca953e33,1
mission,1
wilcox,3
547.67,1
53258.79,1
620786bc-76c8-49ca-b01b-0497c66114d4,1
whitney-cook,1
203.92,1
101358.58,1
tanyafort,1
57165174-9912-4a75-b67d-a22ba2f8e401,1
big,1
hess,1
374.41,1
739.69,1
nathan,1
dc49e206-211f-4175-84a2-44b7ee4b46de,1
leg,1
"howard,",1
wood,2
rosales,1
534.44,1
10318.95,1
edwardstad,1
07097620-54aa-4e73-9024-c51380f3deca,1
base,1
aguilar-scott,1
1019.36,1
43002.08,1
sharonberg,1
b11232a4-bb33-4114-9d2e-9d3447594402,1
time,1
965.45,1
13717.3,1
e6a1b391-e23a-45c6-bd82-e147fc850435,1
2024-05-31,1
nelson-wright,1
630.85,1
37318.86,1
tracey,1
9398a206-71cd-46ff-acd1-d99ebb1ed058,1
look,2
wilkins-price,1
1277.62,1
29912.75,1
jessicaside,1
9e882c68-34f4-4e1a-9f82-91a3597967b0,1
"evans,",2
364.81,1
39749.53,1
norrisville,1
d1a83740-a873-4b21-9dda-ff391ec5acd6,1
yes,1
536.8,1
33832.47,1
joan,1
746e2d69-e2f6-4a37-8315-8f5443a85e7d,1
establish,1
"brooks,",2
264.68,1
46066.26,1
olsenview,1
4312a164-7bcf-4c11-ac62-c915889ebb22,1
loss,2
"willis,",1
870.58,1
103732.2,1
7d1a4cb8-61c4-491a-b089-fd0f95f0d3b5,1
year,1
taylor-keller,1
356.09,1
108538.59,1
timothyland,1
716ca483-6e73-457c-95fa-d3f22a2a7c7e,1
she,2
1211.43,1
25097.8,1
williamstown,1
56ba6e3e-8414-4518-a664-01027cc427da,1
kid,1
884.15,1
22057.2,1
toni,1
5853958c-628e-4e70-90cb-e15cbc344f25,1
for,1
1119.68,1
44442.75,1
andreamouth,1
b948b66c-d172-489a-8e94-83b66debac84,1
"west,",1
potts,1
885.86,1
22608.6,1
haileyport,1
9eae19c3-5353-4d1a-b557-73080cfa4100,1
hair,1
894.2,1
60854.66,1
martinfurt,1
316ae676-2311-46eb-84b1-088dfeeb19dd,1
back,2
boone,1
1203.42,1
100974.48,1
erin,1
5a74ead5-1716-49e8-b159-a312793d1e19,1
scene,2
"soto,",1
hubbard,1
1240.29,1
23336.24,1
walkertown,1
44f2a19f-ad29-478b-afc1-a94f43cf4b01,1
spencer-cardenas,1
783.9,1
14986.2,1
susanfort,1
cbafd54c-f2a1-486e-9662-5dec2835c70b,1
everybody,3
webster-sullivan,1
580.56,1
76046.4,1
joshuashire,2
5881ec91-b302-4feb-a392-2bb0fa0c2972,1
escobar,1
426.56,1
102789.36,1
beth,1
e3b45f0a-999b-4aef-947e-2015fbb4c651,1
win,4
"vincent,",1
oneill,2
bryant,1
479.02,1
31592.7,1
lynnside,1
2e558988-3b2e-4760-acbf-4ace0dd23545,1
type,2
becker-smith,1
356.01,1
85326.15,1
toddtown,1
8ba5d8f3-2b85-42a4-a929-ff7ceacfb7dd,1
try,1
"morris,",1
gay,1
325.12,1
107022.69,1
alicia,1
30f86f86-11d6-495d-8d38-dfd5dcb03c3a,1
2024-03-28,2
velasquez,1
dickerson,1
1143.91,1
24352.46,1
tammyberg,1
f9b0ec5d-3468-40ab-b4b9-fc2464fbcab3,1
coleman,3
163.19,1
116998.2,1
sheila,2
b515cddd-d4ba-4f43-9b07-291771c1e0a1,1
bradshaw,1
619.85,1
43773.17,1
kennethmouth,2
180ccf5c-ce50-4f7b-9290-eaa589d233c0,1
start,1
noble,2
887.6,1
94528.0,1
mark,1
2b7d6cfd-afdb-4dfb-8355-e81d64b5c38b,1
benefit,1
jones-gross,1
443.05,1
93157.68,1
diana,1
271ea241-ee6b-425a-b5d6-5b9fcf2830cb,1
sort,1
"roth,",1
157.5,1
35169.4,1
nicolestad,1
4accedb9-a944-4a06-a9eb-fdbbd1b7ca78,1
2024-03-17,1
463.3,1
6995.15,1
4b29f834-10c4-4f1a-9b7b-b2a240232a14,1
"norman,",2
mata,1
1066.94,1
3489.54,1
rayville,1
dfa4beca-1ebe-46c1-90aa-6e28c8e044f7,1
2024-03-06,4
late,3
day-wang,1
688.69,1
2856.6,1
johntown,1
66f814e9-4f31-40a5-8f32-fa00b6b2a0f6,1
"lang,",2
arnold,3
157.54,1
22911.16,1
christinetown,1
ad40d7b6-cae0-4c24-be3c-e9110e386279,1
"ayers,",1
reyes,1
808.78,1
48746.52,1
kathyfort,2
8084578e-c7f4-4a77-9177-22e62a1f2ebf,1
born,2
rodgers,1
jordan,4
739.42,1
6243.01,1
jamiefort,1
5c03c53e-d4d0-4e42-873c-cc257f3cd195,1
should,1
"larson,",1
beasley,1
1128.1,1
35773.01,1
8ef34b73-27a5-4791-b837-3eb962a9fe0d,1
physical,1
784.93,1
31601.89,1
devinfurt,1
eb326aaa-f7d6-46a0-b20b-6f80dca555b5,1
hodge-perry,1
520.93,1
68274.0,1
60fb609a-ba93-4cbd-bff3-01d13238f71d,1
upon,1
"ibarra,",1
potter,1
245.81,1
44415.36,1
e41b3943-d8e1-4208-9df5-af3f34b2c70e,1
1085.52,1
113673.2,1
manuelshire,1
0c84d254-8e66-4a1b-bf6f-7e069ebb719a,1
case,2
"bailey,",1
roy,2
barnes,2
193.77,1
125672.92,1
randyfurt,1
821fa086-7197-4c69-9733-1dcc939af665,1
sing,1
cobb,3
1178.88,1
33021.82,1
jimchester,1
6964a993-f882-40a0-9e12-15db2c984b42,1
miller-cortez,1
508.76,1
48081.0,1
marquezstad,1
c76b0a01-44a9-437e-9c7c-9d65351ef2b0,1
everything,2
obrien-arnold,1
208.32,1
17747.2,2
matthewburgh,1
f1c8e141-fac1-4a19-bc49-2b1397241bd5,1
dark,1
gallagher-campbell,1
887.06,1
11017.35,1
jeanmouth,1
72d249fb-c62e-4894-be5f-81f157fcfd2f,1
home,1
payne,2
1041.67,1
99522.36,1
fdd350a0-77de-454d-af2d-d1533913542a,1
like,2
"kim,",2
ortega,2
849.64,1
12814.43,1
debbie,1
d830c382-2f68-4f61-aa3a-8e32120a4d2e,1
let,1
"webb,",1
orr,1
benson,2
115.22,1
22854.4,1
colehaven,1
c07fff34-92b2-42e0-982b-6dd160b071e1,1
"duncan,",1
mendoza,1
mcdowell,2
1477.14,1
66427.94,1
brandon,2
907e38d0-0342-4614-8287-b29810366a20,1
movie,2
conrad,1
107.05,1
80637.66,1
wrightchester,1
4725f44c-24e7-4e79-807e-965e5aea8f9c,1
him,1
221.85,1
22836.78,1
phyllistown,1
c3a05db4-39a4-420d-9c2f-d21d2b81219a,1
985.15,1
17058.67,1
kelsey,1
631a8080-bfa4-4324-a1a1-708590b58946,1
must,1
"miranda,",1
chang,1
1184.61,1
42990.68,1
maysfurt,1
029e8032-158d-42ce-8b8d-eeb547f035db,1
project,1
thompson-orr,1
688.29,1
13741.2,1
taylorborough,1
0be6b587-4219-490c-aa90-179b10c0d066,1
lopez-clements,1
1104.15,1
43876.56,1
a381738c-a2b4-4a1a-9957-bcbe320cf067,1
lang-garza,1
732.04,1
96023.4,1
josephhaven,1
7b08c5b3-6832-40b6-9fb7-d2c778e42145,1
yourself,2
roth-crawford,1
1022.16,1
62694.98,1
joymouth,1
57a14899-fdc3-4bc4-82fb-dee041cc5085,1
build,2
andrews-martin,1
1134.19,1
55740.27,1
af293118-b00a-4dba-b459-643f8520d977,1
2024-03-19,4
mckay-turner,1
551.79,1
11351.7,1
peterville,1
8963d2df-b41b-4cbe-8518-cf70e0084c32,1
product,1
"george,",2
pitts,1
643.18,1
48630.12,1
jeremyborough,1
64059c20-dcce-4855-a54a-253b1fff6fc0,1
325.48,1
9619.39,1
robertside,1
2854bddf-ed59-41f1-8479-21469066db0a,1
"pope,",1
1151.03,1
18728.92,1
kelliemouth,1
5715966f-620a-44f4-b08d-9c444264c4c1,1
open,1
smith-rice,1
1429.03,1
77814.75,1
allisonburgh,2
e80fb133-a2ed-4e36-90b1-35824be82c1c,1
consumer,1
browning-durham,1
203.41,1
994.22,1
alexis,1
e24a5e01-58fc-4b60-ad3d-ea4d0311562a,1
"mclaughlin,",1
163.62,1
31578.18,1
michellehaven,1
491df6cd-be42-4e12-a049-1c7609a23287,1
rather,1
"tanner,",1
schwartz,1
weber,2
1083.41,1
127366.64,1
c05f4a0d-cdff-413b-82c6-a5522ce92982,1
cochran,1
879.86,1
5412.4,1
ed544e0a-5f6d-4e30-aa78-0182fa0d2d59,1
around,2
"rivera,",1
1170.21,1
10991.67,1
chad,1
94250109-a3a9-43a4-9443-497b3972262f,1
washington,2
1396.17,1
29601.25,1
jason,2
4eb4199a-ef91-4628-ba3c-41c63339a2be,1
481.52,1
117410.59,1
michaelton,2
bceb5de7-8aca-481e-a9cc-d597dd5a6bd4,1
because,1
rosario-woods,1
501.28,1
25914.37,1
paulstad,2
07d2b6a9-3e14-400a-be8a-78a04561b012,1
mean,1
1201.43,1
52958.06,1
valentinefort,1
d4bf1d86-3aac-4eeb-9cbd-2612f274b55b,1
500.75,1
24825.84,1
c7b63862-70f2-4008-83fb-ffe5e4b3f1d9,1
"taylor,",2
rowe,1
184.9,1
92377.74,1
d065b78c-b6c8-4ddd-bc81-b7ea28636d08,1
hundred,2
"nichols,",2
690.06,1
104232.48,1
tiffanyborough,1
a16365ec-5d31-4273-8702-a1e985d46d4e,1
frost-sutton,1
260.38,1
3395.25,1
pattyview,1
9687e9aa-1714-40c8-b210-4f52ce83d84b,1
trevino,1
salinas,1
535.11,1
1208.55,1
browntown,1
8941f9a8-f3f4-4d7a-a88d-ccceaa5fcda3,1
professional,1
"davis,",1
ray,1
1082.81,1
109166.68,1
kathyberg,1
3dbff4ee-4386-4c3d-a2e2-a7a7f919006f,1
best,1
967.71,1
33347.28,1
anaville,1
1bcdf294-8f88-4cdd-aa1b-5296be5466b4,1
expect,2
1409.21,1
8286.95,1
jordanfurt,1
861afd35-16b7-4bfc-9d56-78c60e0f6a41,1
gillespie-holland,1
1443.99,1
12637.8,1
b285b45a-4d7f-4177-ae0f-6765d4a98db9,1
scientist,4
oliver-douglas,1
656.01,1
69202.92,1
73f4ae54-30b9-4336-9a6a-82d52f683932,1
307.83,1
15802.93,1
christophermouth,2
4051c5e2-2ef1-4be8-b1a4-f40f24c58998,1
"ramos,",1
1252.68,1
9970.35,1
sergioside,1
f2effc30-42c2-403f-860d-9e6dbb28b7fd,1
office,1
"hanson,",2
577.49,1
26911.3,1
stanleyshire,1
f29a147f-2183-4e3e-8851-b7bbc41df8c8,1
rocha-chapman,1
866.4,1
83129.76,1
shawnfurt,1
d614e07e-e363-4b91-b181-3f32207c8fa0,1
448.06,1
5070.3,1
johnborough,1
5de8606b-2499-44f9-b3fa-eaf96fcf7a92,1
"guzman,",1
evans,3
1302.69,1
23169.36,1
sueshire,1
1a15c29f-5bf7-403c-a1db-beda42b1d544,1
"reyes,",1
parker,2
conway,2
1218.75,1
21705.6,1
stevenland,1
8373a7ce-dae1-4293-afff-ed796eb226e4,1
three,1
wilkins,1
1174.32,1
6250.4,1
perezstad,1
b9f9e996-9a33-46fc-8d17-f50db3676bb2,1
463.44,1
38663.73,1
leah,1
cb25ea10-abf5-4e5f-9be8-fbeab7ca6f5b,1
1205.37,1
21403.8,1
davidville,1
99bc5b07-fac2-4eaa-a29b-79b446570495,1
zimmerman,1
907.71,1
13448.12,1
a9cd54db-2023-4060-ae7b-f14621fb7c15,1
"shaffer,",1
oliver,2
315.81,1
85998.64,1
deantown,1
62f27326-097f-4b21-b4d9-026506d7bbea,1
527.16,1
96101.64,1
michaelmouth,2
918c1785-2c85-4757-a15e-cfddb38dd38e,1
bad,2
"mcmahon,",1
1317.59,1
102433.02,1
9c8b7e95-939b-471b-b866-bce9e1c92dfd,1
sign,1
sanchez-weeks,1
858.06,1
18936.06,1
scottchester,1
0835e90c-955f-47dc-87df-98c314e501a7,1
former,1
weaver-thompson,1
1196.33,1
115585.69,1
brandonton,1
6560306f-bd5f-4fa3-912d-53959b84aa32,1
jensen,1
857.2,1
16262.26,1
marybury,1
f0ea4454-91ff-4398-bb53-fa58b6d834b0,1
1314.34,1
61127.54,1
melodyview,1
fb0ac5aa-9274-4625-894a-3f9a0eea96dd,1
"carroll,",2
mccarty,2
721.93,1
43927.66,1
tyler,2
a8636322-29d8-4152-b812-15b95f4b4444,1
"cowan,",1
hancock,1
783.61,1
26851.35,1
jerry,1
6f163bb7-2201-4639-8f4a-fe8548c84714,1
2024-02-22,2
hotel,1
rivera-berry,1
904.96,1
20811.52,1
amandaton,1
0e28407f-34eb-470b-b786-5688a42daa31,1
within,2
tran-graham,1
1415.83,1
96500.6,1
medinaland,1
bfe2c634-a6b1-45fe-b8bb-37de2f958576,1
table,2
chase,1
512.52,1
10659.9,1
samanthaborough,1
8d5dfc44-35eb-43f9-884e-6a8cd84eebab,1
rivera-watson,1
818.49,1
29583.3,1
166a1cff-abd7-450d-b2a5-e10177e81d86,1
coach,1
"harrington,",1
sosa,1
965.34,1
102877.92,1
rachelton,1
1048c6bf-ba43-470b-a8f9-e57ffc78738a,1
work,1
aguilar,2
945.23,1
6889.92,1
emilymouth,1
da4642e3-1c75-4406-b832-430f7cec5ff5,1
2024-06-09,3
sport,2
"maxwell,",1
dunlap,1
sanford,1
1027.51,1
12578.28,1
5c35c645-58d4-4665-8f7c-71a70ce88a13,1
mother,1
sims-mason,1
297.69,1
49628.16,1
caroline,1
3205575e-187f-40bd-abc4-afee4b335515,1
after,2
brandt,1
1302.2,1
49907.3,1
traceyton,1
dfb76477-24d9-48b0-9266-9500b73c0c40,1
2024-01-26,1
"woods,",1
tapia,1
1472.67,1
10167.08,1
natalieside,1
abac8dfb-6920-43fc-a219-c67e43b489f4,1
love-grimes,1
662.12,1
43543.06,1
evan,1
2e81bb66-267c-4e18-925d-082798a1180f,1
reflect,1
banks,1
193.87,1
4183.12,1
dakota,1
46558a88-4d26-4fc8-9898-252df2209b5d,1
become,1
"poole,",1
997.81,1
38925.12,1
walshport,1
af572705-7972-4ec5-9d81-78e221b9c27f,1
general,2
parks-steele,1
610.7,1
58955.44,1
louis,1
f434cbf9-a064-4fd2-a315-84ae804bb6e3,1
goal,2
wilson-bailey,1
549.53,1
32158.62,1
dylanport,1
db33eeb8-dd46-4892-b040-b34667738ef5,1
soldier,1
lee-jones,1
1042.66,1
41129.4,1
amyfort,1
b6176ed0-f14e-4bd2-8f94-d6bd61f8c2e4,1
178.22,1
69246.64,1
meagantown,1
f4f4d4a9-d040-4354-9184-5157a5052f29,1
again,1
1159.99,1
94344.8,1
staceyborough,1
8ddf0eb5-4903-40ab-9d0c-df96394dc01c,1
455.7,1
79358.44,1
carl,1
110a6e68-958f-463a-8f14-ce0c1a0b22d0,1
much,2
"gray,",1
478.36,1
34481.72,1
f6f45f32-7063-4d28-bd98-ebf419e0505d,1
2024-06-19,1
my,1
wallace,3
209.32,1
41450.78,1
laurenfurt,1
d0da1b38-58fd-4b3f-85fa-d9a8f45ee603,1
1293.55,1
85958.04,1
mclaughlinburgh,1
78956e9d-222f-40a4-9ea2-499b738e6a00,1
cherry-potts,1
314.93,1
16541.34,1
kristafurt,1
4e3d3eca-dfa0-49f1-bcbb-95d2be03cf84,1
1048.2,1
4489.6,1
sheltonbury,1
d8beeb51-07ef-4f3c-b685-15c90ab0f69b,1
"mcguire,",2
ingram,3
796.02,1
53596.2,1
fa99ccca-81e8-4c9d-960c-fb066dfa0ac2,1
"thomas,",2
henderson,1
674.58,1
9423.0,1
a4dc211b-f0f3-4ed6-b0fc-11c9c2d9b520,1
manage,2
"stokes,",1
1013.86,1
57203.85,1
emilyborough,1
a82956fe-729e-4c5b-bad7-dc1927e97a57,1
941.59,1
418.48,1
deborahberg,1
ef04e95b-4e6b-42e0-813a-1ae7c7861cd6,1
training,3
"kelley,",2
blair,1
1276.39,1
10477.78,1
ballstad,1
dc467662-2188-455e-b885-a74bec8d04d0,1
indicate,1
733.77,1
70985.66,1
chrisbury,1
200c26df-fb70-4338-afdc-c3e26dfe04fb,1
clark-figueroa,1
888.01,1
72454.0,1
stephenberg,1
af44b142-5392-4d93-9060-ad7d5c8022f3,1
"hurst,",1
766.06,1
91485.24,1
johnshire,1
e9418ce7-687e-409e-bab6-6557e09a4182,1
2024-02-06,2
kelley-garcia,1
1171.43,1
20990.71,1
philipview,1
70522544-c575-4acb-9c0c-1b90bd462807,1
against,2
ortiz,1
724.55,1
10383.75,1
brittanyview,1
83f22533-6d79-48b7-9d4c-e78aadf0595a,1
protect,1
"burns,",1
davila,1
1297.7,1
68618.72,1
johnport,1
11e783a0-e4d8-4399-9ce6-0049fdab62c6,1
sit,2
"gilbert,",1
sellers,1
882.11,1
40211.82,1
jacqueline,2
c7738146-3474-4ea6-8c00-da690b2545f2,1
622.74,1
62231.5,1
nataliebury,1
5c4466b6-87e6-45bb-b88a-84fc6581694d,1
2024-03-09,4
dog,1
thompson-nguyen,1
240.24,1
11767.23,1
whitneystad,1
df50f4d2-def7-4c13-8e78-ec3a6a2da3af,1
television,2
boyd,1
1136.68,1
100225.82,1
c70ad229-1f8d-40c9-9835-ec7015b10bde,1
benson-dixon,1
735.35,1
14679.39,1
palmermouth,1
b142c080-ec5e-44b0-9f90-d6893de88302,1
sometimes,2
"mccormick,",1
barron,2
mooney,1
498.83,1
97077.48,1
fernando,1
00a9cf7e-f55f-43c2-80e2-32c3091fb23f,1
ramirez-carroll,1
342.08,1
24560.24,1
vanessabury,1
256cf9e1-cd77-4145-951b-d92e44d00cf3,1
contain,3
rose,1
641.22,1
45087.84,1
tom,1
c86ae247-2192-41cc-807f-a310c91877e4,1
"patrick,",1
338.47,1
103949.2,1
hernandezfort,1
e6542cfc-a7ca-430e-b3b3-8064bb3c745b,1
since,1
dixon,1
995.72,1
79491.52,1
andreahaven,1
ac8bf7a8-fb2b-41f7-a0fa-53272d7bf4b9,1
shake,1
678.18,1
33566.52,1
dianaberg,1
1c06d99c-d59c-47e8-83ba-38a40a00be41,1
artist,1
smith-tucker,1
1294.76,1
9072.42,1
greeneview,1
29e80359-eab4-4dfe-91ac-61b66e06a8d4,1
walker-bradford,1
691.39,1
12194.2,1
4d9ce9a2-1a32-47fe-9112-85fa4c68e60b,1
join,1
"holder,",1
thornton,1
196.78,1
48499.36,1
hensleymouth,1
69e4a6c9-121c-4f78-beb6-3ca151fc3280,1
813.19,1
30419.46,1
56f4a3f9-ee2d-4c28-b836-8f183b0333b0,1
they,2
"kirby,",1
1345.42,1
31312.96,1
steelemouth,1
784b0c63-1eb4-42bf-a8e1-de0d1f9bbbb2,1
fleming,1
1465.14,1
11440.5,1
newmantown,1
1cafe067-7e81-46ff-9990-579adaebc2cf,1
senior,1
jensen-lowe,1
1483.91,1
12619.62,1
e166cef9-8f57-44fa-ae58-c93afc933f69,1
woods-li,1
113.9,1
59290.03,1
kayla,2
67cb9b27-026c-4236-9f29-457db8f7b5be,1
conley,1
284.83,1
7982.08,1
charlesfort,1
c6c2bdcc-6479-444e-8ea7-98fdd924178c,1
723.74,1
84268.86,1
emilyview,1
601240e1-e950-441e-96cf-bd7b737a679c,1
ten,1
493.05,1
20957.14,1
nealborough,1
0cea2fc6-9c78-4e30-9f11-8a902c60809c,1
company,2
"pierce,",1
schaefer,1
walsh,1
1499.25,1
11024.64,1
b44062f4-e16b-4596-bba1-9dd612a69615,1
collection,1
jones-boyd,1
883.16,1
76260.0,1
jeremybury,1
5bc8b270-0ad4-4e1c-93a2-d0e9ed1d841f,1
"snow,",1
phelps,1
788.54,1
14465.88,1
wadeberg,1
69dcedc9-84c1-4736-9a47-cdcc1adfde86,1
forget,1
410.05,1
53107.15,1
kathrynfurt,1
98844777-0706-4954-967c-eba273be9786,1
hard,1
munoz-smith,1
783.11,1
44307.62,1
santosshire,1
1f93f947-f3ce-4bc7-8a74-a2f7b369a3dd,1
palmer-gross,1
274.04,1
30514.54,1
lopezton,1
e7cf63e9-73b1-49a8-80f7-3353a9c003ec,1
community,1
399.41,1
9938.18,1
stephanieton,1
34334e60-d90a-4a2f-92c8-bedb72080cbc,1
805.82,1
59485.2,1
timothyfurt,1
b3363556-32f6-4eaa-becf-8b1659908bf6,1
describe,1
garner,1
zhang,1
355.5,1
77328.24,1
d09c0b41-1402-4356-9862-1037a36dff3c,1
690.46,1
56054.1,1
jasmineview,1
279ece16-2767-4f56-badd-d5a9b2b86bd6,1
webster,1
576.03,1
32296.6,1
d98c3b45-5cc3-458b-9791-aa4d15ee4eec,1
style,1
woodward-phillips,1
1391.33,1
84083.59,1
johnnyside,1
d06a6ba0-525b-439d-9cd5-cd6393750e0f,1
burgess,2
418.73,1
63563.28,1
23dd9a36-c55f-43a3-bf42-481f3e0ee6a3,1
rubio-williams,1
533.99,1
81432.39,1
williamton,1
b985cb02-e412-4a28-8b7d-f67d8b2fb776,1
davis-paul,1
1139.64,1
1186.92,1
carlborough,1
61da9554-d735-47aa-92c0-2dd9b8e6b055,1
thus,2
219.12,1
10462.84,1
dustin,1
93d873c0-2bde-4df3-b5a0-d6f552d0ad46,1
407.76,1
17972.23,1
savageborough,1
2530f05b-6257-4b32-ae88-d7abdfe4f583,1
area,2
austin,2
651.39,1
85514.94,1
seanfort,1
1687bec4-ccc8-4abe-81d1-d3c34ceb1b5f,1
2024-07-05,3
"wolf,",1
rubio,1
1314.06,1
13601.44,1
alexchester,1
6e60d8ff-7739-4b20-9e46-39aaaff5712f,1
"fuller,",1
sanders,1
molina,1
363.28,1
16676.68,1
0d2da590-d5ac-4a38-8f0a-9c668bc549a7,1
atkins,1
1104.19,1
16094.1,1
de78ab55-00b9-4f31-afe7-84618cd66be6,1
"sloan,",1
1183.15,1
29553.54,1
rodney,1
d857b3cb-d28c-451e-9ad1-0aed07d6b5ad,1
393.24,1
38799.3,1
bca91fce-ff54-43ff-b0e3-d596e8d1c788,1
boy,1
118.69,1
6603.6,1
kathleenbury,1
56e9b08f-7ac7-4d17-879b-4d67b2ba0deb,1
music,1
"mcdonald,",1
bright,1
149.81,1
8035.56,1
ramostown,1
32ad5377-17c5-43de-b9e0-1b363207f9f1,1
"hall,",1
498.36,1
20963.58,1
johnberg,1
f5e80390-e8c0-4d19-a71c-3ec604065a1e,1
"holden,",1
1100.71,1
57639.84,1
paul,1
0a10d05d-8ffa-47f5-bf19-5726fe50e74f,1
velasquez-baker,1
388.02,1
15952.8,1
penashire,1
a3a5d07e-66a4-4762-a7dd-a9ba682af06b,1
able,1
sanford-moore,1
283.69,1
9969.12,1
ronaldfort,1
0c9f7198-e8fa-4d6f-818f-19e2f79f916b,1
wilson-green,1
1459.69,1
17226.06,1
lisaburgh,1
c30b9b0d-9d70-4b3a-a4a8-4bc902104b17,1
believe,4
price,2
1427.1,1
16813.44,1
melissatown,1
7cedc07b-c37f-485b-b9b5-df1688a0c999,1
pittman-nelson,1
1212.06,1
54563.6,1
ivantown,1
4443ecd5-d4bd-4707-b171-06e69c626297,1
hernandez-reed,1
1037.33,1
14866.38,1
holly,2
b7181ee7-e3d8-4401-bf0e-c220833d444f,1
natural,2
677.09,1
10722.4,1
crystalton,1
b5769cb1-6eb2-4fd0-94ba-3b64b6991c7e,1
economy,2
mcbride,2
1319.53,1
1266.3,1
martinezhaven,1
3c11f0e7-84ae-46e9-8ab2-4006c91b4629,1
cold,2
hart,1
153.61,1
40581.0,1
3a41d8a7-4178-44ef-b297-144f309009ec,1
hot,1
todd,1
1195.66,1
7341.91,1
theresatown,1
2738d96b-1fbc-46fb-84a8-cc602f1fa9fe,1
behind,1
643.43,1
30525.87,1
perezfurt,1
dfec007b-6770-4fd3-ae95-910d52fc8a52,1
945.19,1
25375.64,1
chadside,1
7d2f6441-95e8-4ff4-b27e-6cf5a07e0bc4,1
1265.9,1
19416.91,1
johnsonstad,1
311d7378-b019-49fb-9017-8788c4c091e0,1
agree,1
rodgers-villarreal,1
523.9,1
721.95,1
05bf8989-63bc-40ab-ad98-faae40d6b08e,1
relate,1
bowers,1
larson,1
1315.25,1
16322.9,1
73dd38ab-73cc-472e-87bf-a2b8fcdf15ec,1
2024-02-29,5
taylor-ramirez,1
504.69,1
24482.88,1
estesstad,1
169a12e4-fbbb-4910-bd0c-a37f54ef4f78,1
eye,1
"harding,",1
prince,1
372.29,1
66385.2,1
fischerberg,1
47875ee9-5b9a-4d81-9f95-9ecd0fac0574,1
author,1
branch-johnson,1
189.44,1
30138.74,1
lindafort,1
999884f1-17c1-4366-a5e3-8c63f28673dc,1
"shepard,",1
montoya,1
parks,2
1025.19,1
114812.16,1
stephen,3
b0989a60-99d2-474e-9cac-a7c65cd2376b,1
johnson-alvarez,1
652.8,1
37853.44,1
0371e9b9-a363-4279-a3c0-f94aaa231c35,1
public,1
meyer,1
1291.19,1
85403.24,1
moraview,1
fad4b63f-24cc-4511-ba54-359ccef00509,1
jackson-thomas,1
1369.06,1
2055.55,1
calvin,1
c2aa3609-6f1d-4f9d-ba4a-470290c24743,1
thing,1
ellison-may,1
530.13,1
6550.83,1
scottfurt,2
e5112ff2-c63e-42c1-94e2-a80d7510b2b3,1
difficult,1
madden,1
1019.28,1
joanside,1
41eea37c-f1ca-4d75-95d2-c42339fe8115,1
139.14,1
105382.08,1
marieview,1
b3e66e0a-cfeb-4549-b0b6-11e998f9a275,1
1387.62,1
37191.92,1
brendaport,1
077487a5-61c4-4f29-bd88-49901d7b47e7,1
painting,1
harris-bell,1
1385.88,1
9700.6,1
41d3606e-7715-4de8-a000-f5f7faa3beb0,1
data,1
wilkerson-wood,1
493.11,1
17866.64,1
dylan,1
db6a7b80-0a20-471d-a347-64148616a34c,1
though,1
moore-larson,1
399.77,1
558.74,1
ericfort,1
56cfd2a1-80ed-4414-be76-784231a33b72,1
prove,2
moore-jimenez,1
172.08,1
4239.12,1
catherinechester,1
8cec7f87-2347-4bb4-8cdc-9c2a85b94f07,1
message,1
graham-swanson,1
973.62,1
5805.43,1
ronnietown,1
7e840b9c-4232-440d-92a4-75f6f406f75a,1
story,1
garcia-montgomery,1
976.7,1
19411.38,1
stevensonfurt,1
06c72a3a-7c8d-47bd-8ca9-39713602ed3b,1
tell,2
shaw-brown,1
583.14,1
96463.62,1
41c0dca7-45ea-4a15-a721-a0817bf9e9bd,1
single,1
763.75,1
132106.56,1
e251b624-8fca-4064-bca8-6199f79a53da,1
solomon,1
1082.67,1
41037.66,1
f088a8e2-0fc2-4adf-8617-6ef03eced9a2,1
threat,1
brown-montgomery,1
834.45,1
9701.52,1
jennaview,1
4fe52be3-0c3e-4098-bc58-8f391cc3fb26,1
cunningham-hawkins,1
1390.89,1
60684.54,1
fernandomouth,1
6a687ab8-26dc-45b4-81c6-882933fbe619,1
464.6,1
68567.31,1
mossshire,1
0740c846-3424-4692-afee-088248bbfd37,1
flowers-erickson,1
1408.39,1
44118.9,1
7768812a-f391-4b59-99d9-7fc6b27e4d54,1
"ali,",1
yates,1
198.98,1
82203.62,1
johnny,1
fca921d1-90c9-4aa4-8a16-6515e2af200e,1
"aguirre,",1
tran,1
409.55,1
29670.72,1
thomasfurt,1
7c8bd5da-ebd8-493e-8435-e0f8d20cf82b,1
suffer,1
nolan-stuart,1
741.59,1
116944.7,1
taylorside,1
fb5ffb84-dd00-41a7-943d-a224c201e241,1
walker-grant,1
732.93,1
74919.88,1
jacob,1
0f1db4bb-4f72-4153-bcb9-46c004c610fa,1
live,1
huffman,1
898.43,1
79009.5,1
c1dd718f-8c25-47a9-bc37-5dd6c767199e,1
rule,1
"vasquez,",1
1458.6,1
6503.25,1
bowentown,1
a9d4ebfb-3a5b-4d27-a847-0a606c6eaf6f,1
781.4,1
26334.0,1
becky,1
1be1af51-4d71-42af-b4fa-94b5b85a64a9,1
683.62,1
849.35,1
be7d90ae-e509-44e0-9a4b-097f3adf3888,1
whom,1
black-hamilton,1
180.79,1
18471.32,1
freemanshire,1
ec42f85b-5a5d-453b-aa8c-b0411cc01381,1
"berry,",1
750.48,1
13306.58,1
owensland,1
aa2085bf-a0e7-48ad-94aa-119b22427bea,1
brewer-morrow,1
574.97,1
2763.88,1
velazquezton,1
035b45c5-3169-4d51-8c79-af255f57eb78,1
"curtis,",1
fischer,1
852.86,1
6729.44,1
michaelhaven,3
975ab0fa-e6eb-4085-8619-fac496030deb,1
harris-rogers,1
1175.92,1
30732.83,1
buckfort,1
462cf16a-9332-454f-8059-676e62156f3b,1
298.95,1
31611.69,1
bakerland,1
8e51238a-e2c4-4f2e-8896-3e6c0ad57be1,1
miss,1
1441.98,1
21111.13,1
ellenport,1
45cd846d-c7d1-410d-aef8-34d6b7cec705,1
vincent-greene,1
207.45,1
48287.96,1
catherine,1
cceab373-a1d1-42cd-84c9-61b2841e7a17,1
ritter-reed,1
883.15,1
54891.08,1
erinberg,1
ec3f2b24-b0b6-44fa-b4d9-8bfb7598ff4e,1
enough,1
blake,1
1072.63,1
87163.65,1
dced92e7-8ee8-4eab-837e-c2b2ca0510a2,1
lee-johnson,1
1005.71,1
43858.3,1
dcdb0057-f8d3-402e-b640-fd3256a96fb1,1
plant,3
"morrison,",1
624.9,1
36484.24,1
alexandrachester,1
b563bdbe-055d-41a8-8cea-06be0db9c82c,1
mcconnell,1
1385.71,1
24011.36,1
sullivanmouth,1
786209f4-66ff-4984-8ad5-7aeb9693a463,1
happy,1
"adkins,",1
robertson,2
835.18,1
30069.27,1
elaineville,1
f65667d3-2efe-499a-89ed-402e3977edae,1
ground,1
"joyce,",1
1409.11,1
5429.61,1
nicoletown,1
d000d275-0110-4e7c-8087-93cd96e0f30b,1
performance,2
lin,2
728.62,1
52805.91,1
brianburgh,1
9a9a2ad8-8243-41ac-93cc-c179ea2af34c,1
henry-brooks,1
783.1,1
14592.2,1
sierraview,1
23fefa66-4076-45f5-9bea-a3b9271709af,1
quite,1
contreras,2
778.23,1
59883.18,1
nelsonville,1
9f823c66-7d39-4597-a23c-89bf64dd48d8,1
order,1
mercer-williams,1
1350.1,1
18824.64,1
67181c30-af64-49bc-b730-65c38b38575c,1
friend,1
1497.89,1
57220.15,1
maryshire,1
bbef37f6-1f00-42a5-b35c-810fbfe06328,1
320.62,1
4104.38,1
danielton,1
8a514c4c-ea9c-4135-ae52-20e11cf1aeb2,1
1228.12,1
30275.28,1
martinville,1
b94cbdf0-4789-4f5f-9479-d8ea345ea63b,1
1334.89,1
4235.82,1
danielhaven,1
999e4a97-c4b5-4eef-a92f-72eac69f1987,1
spencer-payne,1
226.71,1
107416.58,1
jamesview,1
407d8c9e-b558-4dad-8053-7cc2b9a14a77,1
speak,2
701.97,1
56297.45,1
katherine,1
2495de7b-419a-4883-8075-d5959162492d,1
increase,2
nash,2
1259.98,1
62998.32,1
carlaville,1
b0bf3c70-7bb3-4514-92f7-e752db4def1b,1
"morse,",1
117.52,1
34110.18,1
tylerchester,1
15b09d84-166a-4a3d-a92b-d6cddc7e46cf,1
1341.15,1
99642.96,1
lawsonbury,1
86b4c985-83c7-4c66-80d6-1922b43ba99a,1
stuart,1
318.31,1
101815.68,1
jose,2
7baffe55-bea1-4955-9138-93c1a2fc3686,1
robertson-obrien,1
417.08,1
5662.48,1
tasha,1
6eef3ce9-24db-4d0c-84bc-6b834401ba13,1
college,1
brooks-schroeder,1
362.38,1
15824.28,1
mathew,1
5c138dea-aebc-40d5-92aa-a5c5f98f7b2b,1
clements,1
295.03,1
27111.24,1
lance,1
ff356796-9288-4aa5-b0dc-a10c4b7fbb3a,1
carter-wilson,1
899.37,1
116.85,1
robinstad,1
5809c86f-2bf3-412c-85f9-71e1557da725,1
evans-shelton,1
300.7,1
3591.25,1
5815ba82-f44e-4610-83d7-28b12cf22bae,1
byrd-jones,1
1322.73,1
53299.76,1
tylerburgh,1
1878f074-8b14-47be-905c-937e27b4df55,1
collins-becker,1
1058.62,1
29427.3,1
courtneyfurt,1
75b69bdf-bcfa-45ec-bb34-0edfaa0f1b60,1
color,1
"mendez,",1
1016.7,1
6426.99,1
chenborough,1
87ec627a-e951-47c9-b9bb-b50a1b83771b,1
management,1
thompson-chan,1
526.11,1
40165.65,1
michelle,2
8395158e-f8e0-4443-85aa-fdbac6ed923f,1
468.68,1
13707.32,1
alexander,1
07b8cc53-9147-4070-9c10-bd47a08e9109,1
authority,1
"salas,",1
ritter,1
riddle,1
1338.67,1
54343.68,1
wandaview,1
6c234dd7-845d-49d8-a506-0d0525939c52,1
most,1
"weaver,",1
1235.36,1
22969.48,1
micheleshire,1
ae88502d-6495-4cbb-adaa-c12247525627,1
1151.34,1
30322.31,1
gillespietown,1
d2abc047-3c2d-4003-8c0b-0477913e510f,1
likely,1
nielsen-reed,1
1359.24,1
19413.66,1
alyssaport,1
3a53e601-db42-492f-ba83-0c7ab32701e3,1
finish,2
mueller-hall,1
376.75,1
118596.04,1
khanstad,1
763fc9cc-c899-444a-9526-ce7a46afa4f5,1
challenge,3
167.87,1
67170.18,1
robertberg,1
4053c488-2914-4b4b-add0-8b8ae200f475,1
vaughan-perez,1
514.23,1
38678.4,1
alejandroshire,1
89cceb25-994b-484f-8e72-668b71fd28f2,1
defense,1
"warren,",1
143.25,1
14239.76,1
brandonbury,1
cb0b2cd9-a699-4891-a400-b0d4fd59b4d7,1
fact,1
duffy-mcmillan,1
358.15,1
122772.87,1
d3d4d7ac-864d-4fe7-89d2-daa38324fbce,1
write,1
santana-brewer,1
660.61,1
10217.06,1
danielfurt,1
b1e75102-5857-4c93-a6b5-d8b39f0e370e,1
wind,1
1085.48,1
31433.77,1
jamiefurt,1
173d6e2c-d2d4-4a78-9b56-8ff05194c0be,1
anderson-burns,1
1253.69,1
65396.79,1
brownburgh,1
505be308-fbe6-4917-9659-87ab82ab776d,1
radio,1
fuller-walters,1
869.95,1
51261.16,1
4fd27964-ae6c-4db2-864d-97433fd75088,1
board,1
"robertson,",1
frye,1
frost,1
1266.76,1
27716.78,1
bbd810c1-4244-4f69-af3c-683472198d35,1
"ramsey,",1
freeman,2
650.55,1
19137.13,1
04b50ed2-423a-4d0f-8279-22e95b883545,1
1218.14,1
56090.25,1
katelyn,1
26760d0b-ece5-48d9-906f-6511c119a434,1
sampson-kennedy,1
1179.65,1
50670.65,1
65397aa3-cc05-4321-896f-cad3316e7d6b,1
husband,1
thompson-porter,1
448.78,1
8498.4,1
jonesport,1
0731961f-3e0f-4360-9d94-a7c7eaf64c2d,1
sherman-massey,1
286.53,1
18304.87,1
guzmanfort,1
027c963f-25e5-429a-ba37-8023ee7366be,1
shaw,1
acevedo,1
461.16,1
67000.5,1
garytown,1
83291bb1-38a7-4770-93d4-609c1e8f8a77,1
hurley-bush,1
571.36,1
19676.25,1
1d4a352d-dbb3-411a-9b76-0b41c511078e,1
235.77,1
40821.85,1
courtneyland,1
77432e71-b937-47ac-b23a-2de55a33f13a,1
879.61,1
106676.36,1
jamieburgh,1
eb770352-6be0-4e43-a586-c70ae6cb0625,1
513.64,1
11239.47,1
margaretside,1
6c685a35-3b17-4b91-8cc3-8db16236f75f,1
another,1
1422.75,1
12561.08,1
bellberg,1
00c4011d-0798-4dcd-ba4f-5d7fbbcdc9e5,1
now,1
cooper-ross,1
540.51,1
17004.6,1
luceroberg,1
f5bb1b7a-3d5a-483e-bd1d-c3ed22bf9490,1
water,1
malone,1
1006.68,1
77122.71,1
miguelhaven,1
830e5dc3-6fc3-4c38-8c96-c1f885db474f,1
according,1
henry-duke,1
261.2,1
63422.96,1
kathy,1
6cdafe35-9217-4584-9278-91cac7d6c8e5,1
"lindsey,",1
971.93,1
67708.96,1
randyland,1
5608d68a-f743-47df-8ab0-506222864044,1
hold,1
cole-davis,1
147.42,1
83743.83,1
molly,2
37f52a09-fa59-4c84-b888-ebea2fa9c02a,1
team,1
nunez-smith,1
246.83,1
18778.54,1
95e25de2-2aed-4392-b9d5-8490ceb1f777,1
678.62,1
37414.8,1
adam,2
bec900a2-835d-45d6-8a61-b03a3a6db522,1
art,1
russell-alvarez,1
1485.67,1
3662.61,1
223adf80-0b39-4da3-b7b1-a9f42064fc5b,1
thank,1
valdez-fuller,1
671.47,1
7727.4,1
lauraton,1
b713f658-82d8-45a3-a3be-55ea360f081f,1
carrillo,1
412.76,1
39129.12,1
martinton,1
20454e0f-638d-4d6b-90b0-ecb2a238d54b,1
factor,1
smith-scott,1
747.06,1
8582.58,1
kellerfurt,1
39cd6582-9d4e-43be-b947-8799850d58f0,1
chance,1
1261.17,1
58423.05,1
davidtown,1
9230af26-83a1-4066-8d7a-8f32cb65a58c,1
industry,1
"barrett,",1
1384.31,1
64326.15,1
95bee8ce-4701-4a6b-8a17-a68f2e661677,1
dennis-sanchez,1
1343.65,1
3301.35,1
cae71494-a76a-4452-9fee-463e427f7bbc,1
le,1
1068.1,1
54876.0,1
kingside,1
1b246f4b-b8b3-4cec-b801-bde2d1987509,1
get,1
pope-hensley,1
1245.83,1
21542.76,1
brownton,1
e1c6314f-e658-4e58-93bf-29851e442ad3,1
common,1
"petty,",1
799.51,1
46743.35,1
d8d6aacb-c758-4d2c-83aa-5fb47c316af7,1
462.26,1
13356.66,1
be14475a-5ac8-4fdb-afdd-2e05fc45947a,1
635.51,1
63405.0,1
b34103e5-2b2b-412e-8312-2993ac4a6ce2,1
730.63,1
59166.08,1
jackville,1
476d805e-3604-47a8-9602-dc33cccd50bd,1
walk,1
gonzales,2
1223.93,1
63610.47,1
jessicaborough,1
f6911e69-8a1f-4cf0-ad51-e80918c55a81,1
analysis,1
1183.94,1
48029.76,1
danielstown,1
5459cd0f-80b8-45bb-8122-82f6a3b60075,1
miller-wolfe,1
1443.45,1
56713.47,1
schultzberg,1
bdcfcebc-1663-4012-9c26-f8e08371ef8c,1
douglas-dalton,1
103.32,1
24544.8,1
torresshire,1
373ea1b5-6c22-486b-a155-c88dbe8783b0,1
valencia-boone,1
944.62,1
91315.64,1
peterland,1
ccebab09-9abd-4642-ae8e-aad2f31519c3,1
strong,1
433.44,1
7070.76,1
jasonview,1
7c8258c8-cee3-4091-a555-364e0f884526,1
dream,1
fritz-tapia,1
933.94,1
10641.2,1
kevintown,1
45f4b879-e887-45dc-aaba-df06f4372f9e,1
religious,1
1211.35,1
36056.64,1
d40764e9-e423-40da-bee9-6d0f484d2575,1
rock,1
walton-larson,1
370.12,1
54432.0,1
jackiemouth,1
6ad81fed-c3a4-4c01-b1f0-ee7ad6696755,1
1494.45,1
63030.92,1
mariaberg,1
5bc75cac-25a8-4cff-af9c-953f17ae6624,1
recent,1
cole-williams,1
459.53,1
82503.4,1
919c1ad3-a1e4-417b-8de2-857999657de7,1
1494.78,1
25845.56,1
jeremychester,1
e04bfb12-168d-4726-9adf-1200ecee7ba9,1
accept,1
"moyer,",1
abbott,1
556.39,1
54578.4,1
foleyhaven,1
37f3bf3f-2d24-4387-8619-34f368ebb7c3,1
bit,2
perkins-long,1
666.55,1
30444.49,1
christinachester,1
c827efbd-fda6-47b4-a07c-8a4acff22c73,1
fernandez-fischer,1
371.56,1
7542.18,1
alfredland,1
325e4986-795c-43f1-9450-b746cf655ae8,1
"kemp,",1
olsen,1
575.53,1
38959.2,1
paulhaven,1
77a4e417-d5ab-490d-b5ba-121e98a17da0,1
man,1
smith-barrett,1
140.8,1
124883.62,1
dominguezchester,1
81b50cb3-6f6e-47eb-84fb-08ecd54c20f4,1
"stephens,",1
1073.31,1
23713.99,1
bradleymouth,1
a9682e7e-d689-4693-a594-33027bceb0df,1
"schneider,",1
341.51,1
15090.48,1
stacy,1
d48125c4-eeb2-4c5f-b368-f888ea800132,1
dominguez-franklin,1
300.03,1
34352.76,1
teresachester,1
33dc9167-0df5-4a09-a7ea-6d536be1fc09,1
1230.49,1
73267.92,1
9a5d82f1-e126-4f2b-a0a5-00c89bf7be34,1
military,1
wolfe-schroeder,1
975.8,1
12735.0,1
collinston,1
bf2b5da9-64ae-4b8a-8ce5-f9ecd85db440,1
305.39,1
135494.8,1
kathryn,1
f16f23d3-e144-495c-9f57-33cf60703757,1
2024-04-20,1
310.1,1
63215.81,1
clarkstad,1
d8a911fa-164a-4030-b29e-a89d96500920,1
mckay,1
1078.6,1
38531.7,1
meganberg,1
97aef928-83ce-474f-b069-20f61eeb351a,1
person,1
829.17,1
4384.98,1
amandaburgh,1
3fd4db14-58ca-44c7-88d3-b720c4e38ba5,1
white-berry,1
665.49,1
1300.74,1
langbury,1
99f8064c-0a0f-49e3-96eb-1fd34c8b289c,1
"elliott,",1
1016.94,1
67470.06,1
fieldsborough,1
e6b7a44c-4fa7-4611-b33e-989c024b5829,1
maddox-lewis,1
1201.92,1
32209.79,1
afa9eb34-f775-4190-8dae-d3401546aced,1
1021.34,1
4937.34,1
carolineshire,1
1a521cbf-968b-4dd3-8649-0c65d1cdf045,1
life,1
arias-mendoza,1
1479.23,1
125596.8,1
4c60a769-097f-4066-9d46-ff0973fd6929,1
king-rocha,1
294.03,1
88842.9,1
lisafurt,1
ccca5346-bd0b-45cf-8873-2c7be7d48770,1
hester-murphy,1
1000.36,1
93276.2,1
maciasmouth,1
05dc416c-5c87-4726-88bb-c3f02350f9d4,1
easy,1
jones-nguyen,1
1354.53,1
16047.56,1
056716db-ec06-4e7b-b700-e7707683883e,1
town,1
thomas-mason,1
1158.54,1
54137.46,1
c44b88f6-fefa-4723-8f13-4af5c137354a,1
per,1
jacobson-collins,1
176.21,1
23432.15,1
zimmermanmouth,1
b5895a10-2aa6-4046-83c6-9f62429b4b73,1
goodwin,1
367.91,1
55230.12,1
shelby,1
06cbf9e5-391e-4727-a5b0-24c93b3f88df,1
castillo,2
1110.66,1
65983.14,1
dunnland,1
d3e3db15-d472-4157-9673-cd4a419f4c4b,1
rodriguez-morales,1
604.24,1
8244.32,1
kerrychester,1
385776a8-dd02-47b3-ac81-848385c53e01,1
"hester,",1
1309.52,1
52684.5,1
kellyton,1
7ea41fe4-3bae-498f-8afe-c3108ac5e6c7,1
indeed,1
843.86,1
30967.26,1
mollychester,1
bc12e24b-f585-4548-9fc4-26c8ad86e7f8,1
instead,1
jordan-bass,1
518.31,1
57134.35,1
shawnstad,1
ca75acb8-1b33-43f5-a877-ec7c0affaeaa,1
institution,1
"cox,",1
friedman,1
1393.2,1
30249.72,1
07d99fa0-0163-4c49-a358-073410d8289e,1
calhoun,1
546.36,1
22193.5,1
westfurt,1
2ad868ea-e6ec-4c08-90df-28627a36cd19,1
"daniels,",1
rojas,1
1137.5,1
14628.86,1
sheilaburgh,1
21cdcebc-fa3e-413a-9702-8fbd7b1d8682,1
1217.74,1
65193.3,1
mooreburgh,1
4e95a319-f1b4-467d-94ec-9ebff719e84e,1
701.18,1
61147.01,1
meganville,1
345dabd6-91f8-49f1-9247-cfb402a45db6,1
turn,1
1053.4,1
61207.68,1
mary,1
aa78a2fe-a7af-4188-8aa0-be621a1679de,1
551.21,1
36745.62,1
catherinebury,1
f96ad151-8b3e-4126-99a5-97a4a176915a,1
station,1
"good,",1
1279.24,1
30831.96,1
millerville,1
61e90a0c-2b26-4f98-8cbf-9254e8fff1d7,1
up,1
wheeler,2
1339.05,1
49444.77,1
tinashire,1
ab65afba-2bee-46a3-8b23-fda5f5d18601,1
741.44,1
22331.2,1
ashleyfort,1
45cf6d15-4c86-4367-ada7-cdb67dc97ae2,1
williams-thompson,1
377.93,1
26928.7,1
kellie,1
4924b8bf-24a5-423a-9f6d-7f9f34af8f63,1
who,1
1468.09,1
27941.23,1
paulberg,1
6e9b3fb9-acd2-458a-8d6f-cc76b8f3c204,1
"butler,",1
1270.14,1
119945.35,1
09a71474-17da-4b3e-a2e2-d1236413e371,1
more,1
hensley-love,1
166.35,1
61037.76,1
elijah,1
9a103997-b481-4002-828a-9946e69a90d7,1
little,1
pace-davis,1
851.8,1
19677.54,1
stevensberg,1
0551d685-29ec-4efb-8f0d-00251a0066de,1
nor,1
"fields,",1
christensen,1
daniels,1
1283.7,1
52935.12,1
donaldhaven,1
7c7bd8d1-cd26-432f-a68e-0eeab4f37285,1
318.26,1
66512.57,1
stevenstad,1
5bba96f6-9ef0-41b4-a380-a93ea29f74c9,1
maybe,1
bullock,1
985.58,1
19137.78,1
villachester,1
391959dc-a30c-4625-83fe-c56bc5a23c7b,1
consider,1
cochran-phillips,1
402.39,1
33697.62,1
kington,1
3b3bc77b-8d8a-4795-87e8-1692a608808d,1
ochoa-martin,1
545.15,1
2169.76,1
williamtown,1
5773c0d4-8b10-472f-a516-4a20b1c3cd2d,1
398.85,1
9362.75,1
vanessaview,1
2167afa6-f6fa-4e54-9d28-9027e236426a,1
night,1
978.57,1
5686.05,1
15266274-cdc1-4d45-a66a-e0f9cbefeac2,1
lang-bryant,1
498.97,1
7532.19,1
patriciaburgh,1
ba6d3200-ccaa-4436-998f-f0330cd9fb02,1
conway-estrada,1
458.48,1
35913.12,1
walkerberg,1
bcbeb5c0-da1b-4aa1-9178-695252ff6b03,1
yard,1
1077.06,1
2390.16,1
matthewbury,2
cb79e40c-8f8c-4fd7-9341-d3f65d65ff9d,1
off,1
harper,2
498.77,1
48318.64,1
jasonton,1
e519097e-723f-4485-b92b-d2863bd57583,1
recognize,1
gallagher-parker,1
448.61,1
87610.96,1
ramirezfort,1
71ee23f1-ba89-415e-b310-b95840309916,1
somebody,1
anderson-valdez,1
169.7,1
74077.84,1
81201758-d358-4752-ae12-239b8faebae6,1
850.45,1
107462.16,1
8ed7fc5b-2bdd-4bd7-8fc5-8a5c7ccba962,1
rodriguez-dominguez,1
599.19,1
15431.68,1
annettefort,1
aa7aa247-efc9-4872-b482-66d779d66291,1
past,1
hoover,1
481.84,1
111536.64,1
lindaside,1
592eb398-a865-4282-8a8c-ee125cae45aa,1
song,1
1321.92,1
29245.5,1
wallsport,1
4df64a47-3dd2-49f1-bca8-6650b0021bca,1
631.91,1
59445.6,1
josemouth,1
e75baeb1-4c09-416f-bb65-c5ada54914a1,1
587.47,1
43516.76,1
paulchester,1
4e19f661-161a-43bd-97a7-d60cfb8192da,1
patrick,2
955.3,1
100429.2,1
kendra,1
fe824ec3-d1da-41d6-b48c-f456b64553cd,1
rise,1
"roberts,",1
1358.18,1
38634.65,1
ebe2251d-70a7-4889-849e-6503e37c2e5a,1
beautiful,1
kemp,1
458.29,1
28198.0,1
angie,1
6e7e8815-513f-4c6a-b6d5-ce61ad93a605,1
"ford,",1
valdez,1
597.5,1
18986.4,1
sharonton,1
b1a479c9-4caa-4cc6-b5aa-557b0b1bb69c,1
true,1
381.11,1
41107.9,1
josephshire,1
4a264cb1-96f1-47f0-ae69-fadad56c960e,1
2024-01-21,4
1369.73,1
13189.02,1
lauraberg,1
71f13f2c-99c5-4d5c-8f13-f3f9b97f4ac5,1
"hinton,",1
harrison,1
784.79,1
8698.48,1
lindsay,1
cbba6938-6721-4ed9-b465-94612dbbc6ab,1
allen-garza,1
977.58,1
12145.32,1
christophershire,1
b5cbe4ea-8f98-4227-b05b-ff80d82757a2,1
henry-frazier,1
831.95,1
55914.88,1
cassidyview,1
46bec063-733f-43d8-a40c-f826990b33be,1
anderson-leach,1
549.92,1
121071.72,1
327e7a79-5a59-4aeb-afa3-87f72e5d67d6,1
712.19,1
28319.62,1
ad2b4bff-dce0-4620-bc82-f904e60c49cb,1
guerra-coleman,1
1355.42,1
28161.1,1
amyburgh,1
fa9f1897-b575-47da-9954-14bbc8e0f025,1
frank-allen,1
246.74,1
25657.6,1
55d0c00a-793e-467e-bd80-5719d176305b,1
age,1
wallace-fleming,1
1174.82,1
54939.8,1
juliaton,1
e3ec2665-f9ee-4223-90b2-104ebe81e2e6,1
678.21,1
35702.64,1
jeffreyville,1
3b76ccfb-7609-4032-b895-932df8d3e143,1
1401.12,1
69483.57,1
christine,1
1e273c52-d2b0-45c7-b5e4-eb5fa7349f59,1
safe,1
durham-lewis,1
1131.17,1
38285.38,1
karenburgh,1
5cbb8da8-1810-4753-a9b6-29cbb9ef345b,1
well,1
992.14,1
58208.48,1
joyfort,1
90cd3146-c7b2-4de3-a472-472be4144213,1
no,1
manning-floyd,1
585.08,1
14106.96,1
ellisontown,1
78c743c7-9982-43f5-8e7a-50b410c9b5bd,1
756.49,1
10472.85,1
9d647d9c-dc63-41a5-ae45-7296cbd8c3f7,1
"padilla,",2
gibson,1
1122.28,1
17500.32,1
christinehaven,1
c7b5b4d9-549b-4b44-b457-520a12cc67d8,1
913.01,1
26757.76,1
976cc526-100f-41ea-a8fa-6beb56f959f9,1
decision,1
miller-jordan,1
1251.55,1
31085.22,1
60cf0698-9cbf-4d7e-b7c5-0edb4fa6cf42,1
form,1
clark-henderson,1
329.18,1
38257.05,1
c4c114b1-252e-4e40-9c57-c08f2d7388bc,1
"myers,",1
1466.37,1
28288.0,1
danielbury,1
32632594-2755-431f-a699-fa2be10a3e10,1
gas,1
stokes-mclean,1
698.67,1
674.4,1
matthewmouth,1
f5461a7d-1de9-43d5-9718-f9a79477a336,1
budget,1
dunn-jackson,1
748.66,1
120191.15,1
c390e049-3c4f-4b58-ad23-f52c64d7768f,1
resource,1
"fox,",2
1114.73,1
7388.25,1
robertahaven,1
da53593b-9281-4a8c-91c7-273d25c02541,1
such,1
"mitchell,",1
summers,1
151.58,1
5660.13,1
taylorport,1
7df392b2-dc57-4903-ad7f-2f9d03b6dce1,1
1281.01,1
31400.96,1
stevenside,1
03b65910-37b4-402c-b17c-6fbe0ccd37dc,1
star,1
smith-ramirez,1
1250.06,1
70563.15,1
lauriefort,1
d73e4e8b-1032-4086-aa77-8cf8fea98d25,1
this,2
1018.23,1
70831.8,1
timothyview,1
57f49450-3afd-414c-88da-12ce37fdce1b,1
gill-boyle,1
187.82,1
2835.0,1
ramireztown,1
38c83cb8-0f96-4b4a-9a09-c54ac646beb5,1
heath,1
665.03,1
631.1,1
kimberlyburgh,1
bdc10214-d629-4840-b21c-bb205e3635a1,1
dorsey,1
823.78,1
25950.4,1
903f5961-35c7-47b9-a1f1-5492aa15b049,1
robinson-thompson,1
1223.95,1
8217.44,1
835823d7-b24b-4420-848f-324c3de8e5c3,1
newspaper,1
nichols,1
1462.63,1
12834.81,1
6307123f-5fb0-41b1-8829-e52efc7a2697,1
165.21,1
24203.3,1
jonesville,1
bc3d7bea-6b9d-4e00-b65f-3bdad1022c15,1
farrell,1
28023.93,1
patricktown,1
a325fb88-facd-4876-9250-46cdb4a452c4,1
response,1
booker-camacho,1
265.91,1
122804.31,1
872282a8-47d2-4e44-afa5-77d7d1f58cfa,1
ahead,1
savage,1
oneal,1
386.86,1
33150.0,1
wallaceberg,1
6848fd52-ccbd-4bfb-8ddf-349698439e7b,1
adult,1
larsen-russell,1
475.83,1
65965.5,1
hardyborough,1
a8654ec4-93a2-4c76-b33f-4f3f00144826,1
keller,1
878.03,1
27861.45,1
knoxhaven,1
95cf53d7-f020-42cd-8c9e-5edeec01598f,1
smith-rodriguez,1
331.35,1
40851.9,1
andrea,1
18c1c72f-aea9-49b9-a7db-0026261eef41,1
619.38,1
47406.66,1
aprilville,1
a84fac8a-948c-452a-819e-47d80945463d,1
aguirre-reed,1
336.3,1
16334.85,1
terrellview,1
7b5b9b49-eb1e-4e24-b2d3-658e50001acb,1
friedman-le,1
861.39,1
6982.72,1
hunterhaven,1
d796da96-c5f1-40d5-9929-e01a4d61820a,1
suggest,1
"keller,",1
stevenson,1
276.84,1
26161.98,1
b69dd2c8-0da1-41bb-98b2-e14c537b3c90,1
vance,1
1227.05,1
7365.31,1
5595c46c-df35-4067-88b4-349200c191c1,1
fish,1
1249.73,1
19987.84,1
jonathanside,1
23464765-b044-4ced-94a1-a11d2471107b,1
ferrell,1
956.78,1
75674.76,1
donnabury,1
37771a5c-d5e6-45a2-962a-1ffed462104b,1
old,1
evans-allison,1
1002.94,1
54851.29,1
thompsontown,1
d10957ee-5972-4104-92e7-ad892e6f833b,1
"ruiz,",1
gates,1
1200.66,1
27826.2,1
robinbury,1
ce458701-d5ae-429b-9c9b-175e5b87e08e,1
wolfe,1
511.23,1
54093.24,1
johnville,1
87d2a5d4-1f00-4143-90dd-419da64c03f5,1
308.67,1
8426.6,1
randolphview,1
aa2e69d4-a83c-4248-8617-d7ec734a7fdc,1
main,1
229.36,1
1027.4,1
kimberlychester,1
44c2f618-fc23-4c90-a3b2-d1b323f6550e,1
gibson-armstrong,1
644.55,1
2524.08,1
eac79ee6-e787-48df-96a4-ea6b11fd5aa6,1
guess,2
"horton,",1
1283.63,1
19956.86,1
jordanburgh,1
34a118c4-60d2-4450-8bc1-0c8435adabeb,1
933.63,1
12363.0,1
elizabethview,1
e79fd7c4-7c9f-4995-9c91-5c2e8b75a1f9,1
agency,1
stevens-ward,1
298.8,1
23535.54,1
1fb35069-668a-46f7-9c89-59d29d5b2474,1
192.16,1
37192.87,1
johnsonhaven,1
9c051b08-07fc-4255-9718-ccd7086ebcdf,1
"patterson,",1
herman,1
506.71,1
90158.04,1
f22a6098-09a4-4798-96b0-9c04a2b79dc3,1
"huang,",1
490.28,1
83112.48,1
kathleenstad,1
08d4278b-2d74-4a4c-91f9-32da4e9d2979,1
fuller-torres,1
951.85,1
50048.0,1
brianberg,1
64f1ed77-5786-4fb3-aadc-6c28c4cb65e4,1
"alvarado,",1
1139.45,1
4596.57,1
lindseystad,1
f507de10-0f04-44a3-8057-d114578829d9,1
visit,1
"zhang,",1
1481.7,1
56157.8,1
rojasmouth,1
9a6ddb46-6a36-46c5-bbf4-a07794e5102e,1
1004.17,1
7468.34,1
martinezbury,1
cfd9fc56-1414-406b-b0df-728ac8cb57fc,1
least,2
1488.37,1
73197.12,1
1dc5f7eb-89cf-48c1-a377-4f33a0762835,1
degree,1
gomez,2
1416.21,1
31379.76,1
clarkview,1
9fe6d914-0191-4e9a-8e24-46c4560850ae,1
drive,1
hayes-johnson,1
353.14,1
73462.8,1
wendy,1
6eeef3ad-fd38-49f6-964f-e22f379f3451,1
"torres,",1
howell,1
1298.8,1
73347.52,1
brucemouth,1
64547888-8d3c-4469-8157-92729b14630a,1
job,1
campbell-serrano,1
1343.0,1
70333.31,1
keithburgh,1
63630c72-843c-4e7c-9217-a5bb4c8be91c,1
herrera-alvarez,1
1159.58,1
46423.8,1
4a8d009b-8efd-43bd-b7e5-fcce1a070a22,1
"combs,",1
1157.65,1
107408.16,1
richardland,1
cf0ec4eb-6751-4904-9980-9cbacd679c14,1
hope,1
hamilton-garcia,1
1348.6,1
44273.85,1
tannerfort,1
6ba9ed44-313d-4d7b-bbe4-2edf98b51422,1
leader,1
"haley,",1
1326.3,1
14706.38,1
stephaniehaven,1
16b41291-39eb-4a93-8bd7-9d0758f04e6a,1
cochran-black,1
1418.32,1
34266.78,1
fischertown,1
e5032217-c447-4d62-9536-64448dd8fd17,1
building,1
979.95,1
2856.78,1
vicki,1
7a700d23-2557-4887-b77a-1a01cccda255,1
reeves-elliott,1
281.69,1
39433.8,1
burtonfort,1
d7a13904-cd44-4c3f-ba09-3f9928ac3295,1
throw,1
fowler-martinez,1
841.69,1
29165.85,1
loriton,1
49a0c699-9cef-455b-9897-a120a18dce19,1
among,1
"hutchinson,",1
753.55,1
39273.76,1
carlostown,1
ef670dc7-caa8-478d-b0c6-e9c1edda6802,1
blanchard,1
831.78,1
36134.87,1
mirandaburgh,1
baf11b3f-a0f6-4c34-9304-798185427b4b,1
better,1
may-snyder,1
708.09,1
5379.01,1
carneyville,1
f12aa1b8-63e7-4bbb-b320-1a22ce062d1d,1
"mayer,",2
976.1,1
65819.8,1
danielle,1
f503c272-a176-4704-9011-e47781852269,1
allen-mays,1
1349.26,1
98113.14,1
30c41716-9747-4fee-8bd6-d5efb9a3ec95,1
559.89,1
52464.04,1
barnesburgh,1
e73280aa-9285-47d2-9ca6-b0eb741c07c1,1
pugh-knight,1
780.0,1
22162.56,1
lauraville,1
5759b023-dd6f-4b24-8acf-e8859b3eaab3,1
will,1
411.37,1
30928.8,1
sarahfort,1
ff2791c3-af0a-453b-89e5-169a77a9dadc,1
gallagher-kirby,1
1318.33,1
65251.32,1
michaelfort,1
6f68f4d9-5bcc-4133-861d-08004cc4be03,1
whose,1
cortez,1
782.06,1
12284.73,1
1b7431e7-2433-4ea1-bf57-e8f016d1bd10,1
705.82,1
47181.63,1
0d869d64-a930-4572-bc91-feefa85ddef0,1
occur,1
miranda,1
843.61,1
37046.4,1
6f137bc1-f835-47aa-ab88-08287de43945,1
johnston,1
865.12,1
10610.49,1
fd6868d4-24fe-46d6-afba-bebbbf09061e,1
"steele,",1
1106.02,1
16149.6,1
e0212dcc-a193-4140-906b-2620eb2ab184,1
yoder,2
910.22,1
89275.68,1
burnsfort,1
9ad6949c-009e-420a-91e7-ca84d28c8a0e,1
374.64,1
13319.19,1
christopherside,1
26ad2776-fbb0-4cd2-89d3-ab42759cf1cf,1
olson,1
1398.62,1
11057.34,1
lisaton,1
b80fc87e-d487-45ae-b2db-c91eb2b155b2,1
321.91,1
24160.5,1
bennettburgh,1
c8220362-d66a-4c81-b972-9619934627c3,1
1412.84,1
97260.77,1
337a5420-e083-48c6-9e37-e82a1e68df8a,1
"morgan,",1
gregory,1
245.35,1
11894.0,1
andersonchester,1
246f33f9-10a0-4d0d-82f5-e7c2164caf37,1
1486.13,1
2336.76,1
amybury,1
b8169e82-3a19-4163-b3da-9dd4fd3477e4,1
kramer-cox,1
1172.27,1
18492.14,1
johnburgh,1
6ef5a75a-1b8d-44c2-a34b-11cbfdfb88eb,1
trade,1
yang-coleman,1
734.72,1
1807.65,1
71e9633b-9cc9-4820-a185-15441b233436,1
"owens,",1
grimes,1
554.42,1
12752.4,1
52b68db3-b569-4088-aa24-917128829aed,1
charge,1
"ashley,",1
fields,1
859.11,1
22309.28,1
marystad,1
2a3f4370-8b0f-4644-acfb-7f331c22a257,1
790.63,1
39012.28,1
3ac3e788-e9f8-4c0e-856a-178386e77dc5,1
administration,1
581.79,1
42636.47,1
marthamouth,1
81b1a5a2-8b69-44be-ad7e-7b5a3bd9eafe,1
"hartman,",1
riley,1
737.52,1
680.88,1
caitlinview,1
b7c449c6-4639-45f6-a206-3befd4d6bce1,1
1429.56,1
28008.12,1
anthonyhaven,1
ca83fe1d-710f-4f49-9374-39aa564f213f,1
seem,1
"alvarez,",1
1049.5,1
5796.6,1
stephanieshire,1
68d7ff38-6d21-4f44-9f7d-905752d8f7f5,1
589.13,1
1625.1,1
chadmouth,1
caab0fa6-37de-4faf-832b-531517c80874,1
greene,1
948.49,1
38063.04,1
biancachester,1
26f1b986-7049-473e-988d-e72bab62a70b,1
"martinez,",1
bond,1
504.7,1
35192.07,1
e5fe1da0-0668-427f-bd36-e85f30bda556,1
franco,1
605.61,1
40883.06,1
michelleburgh,1
0e789314-8b84-4df7-a370-efdfaa229412,1
rogers-rodriguez,1
573.22,1
13973.56,1
timothymouth,1
bf188101-cb80-47b7-8d18-a62c1bcec85f,1
attorney,1
hartman-rodriguez,1
395.07,1
104115.4,1
suzanne,1
4160d472-4d0f-4a59-86b8-86e297bc6dec,1
manager,1
1484.79,1
30505.44,1
mollyton,1
45adddf0-25a6-424e-a018-9eaacfede7d0,1
johnson-andrews,1
1284.76,1
52237.25,1
miguelport,1
5e537142-c36f-4264-aa25-93c69f79c26d,1
1199.91,1
3679.38,1
xavierberg,1
381d1e2b-f1be-4163-bbe1-97b02725d239,1
240.38,1
78661.52,1
joshuaberg,1
6f09f851-c508-40d3-9302-276334c8dfc8,1
174.42,1
15000.96,1
b4df370f-821b-43aa-a876-841b99222c0b,1
1447.46,1
73070.87,1
andreaview,1
ee24e583-be91-4fee-9b9e-0210b1c41e00,1
hicks,1
947.69,1
15252.45,1
josephborough,1
aeca97ff-06ee-46cd-8f8e-58aa97bd295d,1
rate,1
woods-murphy,1
1366.7,1
128158.03,1
samanthachester,1
d1c3c93a-6137-468a-a281-369e38b80eb0,1
frey,1
781.0,1
38333.18,1
christopherland,1
f61b2727-a9e5-4d0d-bcc0-8a51a0490782,1
serve,1
moore-ingram,1
557.32,1
124490.7,1
sarahport,1
83825219-5c2e-49f1-99ca-7ccd1edebb71,1
aguilar-campos,1
455.29,1
65534.62,1
27d10756-0d57-4d2a-83bf-f150a150ae73,1
debate,1
rice-hernandez,1
416.77,1
42752.6,1
nathanmouth,1
dc542521-e842-47bd-9039-77d9f45df9d5,1
computer,1
hernandez-davis,1
1124.85,1
109723.95,1
nicolemouth,1
2d6d4f45-8bab-444c-b72b-c30d2ccc13ab,1
anderson-cruz,1
360.53,1
20819.56,1
woodbury,1
fa2fe475-58ab-45e0-8665-423ac1d99875,1
613.68,1
33106.0,1
ronald,1
1a75e25a-a1c4-4528-a308-5a3e46ba0582,1
1471.33,1
46090.24,1
8c0faa71-8f95-43f8-9ab7-463a63eaee73,1
919.9,1
99154.29,1
kevinview,1
9d1f033a-a271-475b-97ff-c85f667a334e,1
fill,2
gomez-morgan,1
773.39,1
59898.14,1
stephaniebury,1
ed636a44-610c-4192-b076-5ff844b53bbb,1
stuff,1
1359.72,1
93597.24,1
glenn,1
78570e53-00a1-4890-94bf-ded05ed52867,1
horne,1
1076.75,1
4879.19,1
juan,1
bbd8ed23-fbff-495a-98e9-9a0c2adf365e,1
961.14,1
105929.28,1
johnland,1
c51d81af-0d8b-4d72-9b39-56ee94ffaf00,1
arrive,1
"boyd,",1
hines,1
higgins,1
665.0,1
6875.5,1
jessicaberg,1
354935b7-d41c-4477-b1ea-e8ee37865ebc,1
715.6,1
2444.3,1
cb094e17-9688-442d-9821-844c8f0ebea5,1
"chapman,",1
powers,1
435.43,1
1518.48,1
barbaraville,1
fcf20873-f45d-4ae1-ba0a-6333c35a01f6,1
morrison-stanley,1
1424.36,1
35283.6,1
gibbston,1
c6e776aa-f19e-4f86-b35e-4435b0725292,1
memory,1
johnson-fleming,1
766.92,1
7672.96,1
brendamouth,1
7b63f5e4-0252-447e-b7b7-15e73e437d31,1
robles-williams,1
1387.23,1
73335.88,1
41f08915-addb-4966-8628-038c479c619a,1
1386.69,1
28865.7,1
ronaldchester,1
bcfa1912-5bd8-4894-900f-376fa48f022d,1
1159.26,1
50471.42,1
jenniferport,1
e6839305-a177-4cda-aada-3ac1f49eeeec,1
"atkinson,",1
544.31,1
1381.82,1
barneschester,1
12f7ac32-9063-4ae5-a122-385b06ba77af,1
maxwell,1
331.98,1
8557.32,1
jonesborough,1
d3e82026-2084-40f2-8d5d-d2a94a198af9,1
973.97,1
70739.76,1
luis,1
